email,mdp,nom,prenom,type,adresse_no,adresse_rue,adresse_ville,adresse_prov,adresse_pays,adresse_cp
develop343@tp2.com,2YiXg16J,Goyette,Joakim,client,118,Auteuil,Vaudreuil-Dorion,QC,CA,B7E 5S0
line22@tp2.com,v8sR31ai,Monette,Ophelie,client,540,Legault,Lac-Mégantic,QC,CA,M7W 1J6
between715@tp2.com,Ygs9LAQc,Otis,Ludovic,client,301,Allan,Bedford,QC,CA,C2Q 2M5
eye605@tp2.com,ggfTOhdN,Gemme,Jules,client,968,Gaston,Bois-des-Filion,QC,CA,M6B 5V9
light94@tp2.com,s6SgDPbF,Dalpé,Martin,client,849,King,Saint-Amable,QC,CA,K3H 6M7
environmental587@tp2.com,aaKPOTMO,Doucet,Carter,client,789,Edgewood,Berthierville,QC,CA,Q1F 2M4
almost352@tp2.com,1FiQfiqA,Gemme,Dustin,client,832,Anthony,Beauceville,QC,CA,G5A 2J1
stock830@tp2.com,TS5jXXGv,Goulet,Emeraude,client,59,Tahiti,La Sarre,QC,CA,Q9V 4C8
police735@tp2.com,QRx726rP,Laroche,Cassandra,client,843,Murdoch,Mont-Laurier,QC,CA,A6X 0W7
start899@tp2.com,kqXRtY80,Roux,Alfred,client,547,Micheline-Beauchemin,Pointe-Claire,QC,CA,C5R 0Y1
well758@tp2.com,hmKBWJaU,Bourque,Mavrick,client,184,Bossé,Sainte-Marie,QC,CA,O6I 9K6
effort204@tp2.com,v1yIa3gG,Giguère,Liliana,client,165,Louis-Dufresne,Pohénégamook,QC,CA,I8N 0L3
whose818@tp2.com,dDyvsRpi,Marier,Penelope,client,358,Davion,Shannon,QC,CA,H7P 6J1
type399@tp2.com,r6AZVlBQ,Lanthier,Armand,client,938,Benjamin,Cookshire-Eaton,QC,CA,F8C 7T2
likely697@tp2.com,ztlr9FRX,Turgeon,Evy,client,427,Neuchatel,Saint-Augustin-de-Desmaures,QC,CA,H5Y 4L2
buy436@tp2.com,7ajfNAuC,Morin,Arielle,client,433,Robert,Portneuf,QC,CA,T2N 1S8
yourself365@tp2.com,Sil1MmIp,Thiffault,Loick,client,844,Bourgogne,Amos,QC,CA,H8A 0N8
her950@tp2.com,7Ae3xx1i,Brosseau,Alexandre,client,540,Énergie,Beaconsfield,QC,CA,F6G 3G1
table934@tp2.com,TiLsyW2E,Barbeau,Hana,client,58,Albani,Châteauguay,QC,CA,X6F 0D0
south696@tp2.com,fyVDDY6D,Létourneau,Mael,client,80,Panama,La Prairie,QC,CA,Z5P 5Y4
according687@tp2.com,pk2A2oN6,Blais,Landon,client,645,Moreau,Baie-Comeau,QC,CA,E4C 2R0
over209@tp2.com,r3zXIYav,Beaucage,Judith,client,53,Jean-Bois,Matane,QC,CA,O3H 6E0
dinner137@tp2.com,h63VN9fw,Jutras,Anas,client,759,Valois,Mont-Laurier,QC,CA,E0E 0Q9
though898@tp2.com,iqkvfD9S,Pitre,Malia,client,378,Desmarteau,L'Île-Cadieux,QC,CA,G2O 5Q2
sea402@tp2.com,v1ib11iw,Rainville,Coralie,client,832,Carleton,Forestville,QC,CA,R3X 0W6
significant620@tp2.com,R7tGPqxH,Tellier,Laurier,admin,750,Maroc,Mirabel,QC,CA,J9I 2A5
coach642@tp2.com,QViRUc8o,Garon,Enzo,client,156,Pilon,Cowansville,QC,CA,A1M 9B3
father997@tp2.com,Mxjm045F,Truchon,Elyana,client,159,Pierre-Boissier,Nicolet,QC,CA,Y3L 3J5
almost355@tp2.com,JMX04Zlr,Lamy,Yazan,client,373,Prévert,Percé,QC,CA,J8C 8A0
type399@tp2.com,IwsjcYzM,Marleau,Adeline,client,615,Vivian,Métabetchouan–Lac-à-la-Croix,QC,CA,Q2R 7N1
challenge405@tp2.com,5bv6pbA5,Dumouchel,Idriss,client,825,Orchidée,Senneterre,QC,CA,G1I 2A3
majority821@tp2.com,kDs5HhFo,Dufort,Camelia,client,601,Hérelle,Témiscaming,QC,CA,N7W 0X7
what915@tp2.com,W5fMbajt,Trudeau,Malak,client,497,Ovila,Sainte-Marthe-sur-le-Lac,QC,CA,S7Z 2D6
ball583@tp2.com,E4AeQlAf,Dufort,Isaac,client,258,Caillé,Senneterre,QC,CA,W4H 6J7
risk474@tp2.com,EyYixRTe,Garcia,Maxime,client,947,Cuvillier,Belleterre,QC,CA,J8F 8U2
majority821@tp2.com,YnG1450H,Pham,Ayaan,client,69,Leduc,Candiac,QC,CA,R5M 0Z4
just554@tp2.com,5FqRV4Fv,Quintal,Emily,client,288,Écluse,Saint-Basile-le-Grand,QC,CA,G3R 0M3
especially647@tp2.com,kZ16Q0rn,Duhaime,Mika,client,97,Hussards,Percé,QC,CA,N4Z 7Y4
reveal275@tp2.com,skU38B2e,Beaudoin,Azelie,client,491,Rubis,Québec,QC,CA,M2E 5T8
run513@tp2.com,oUlHsfxg,Leclerc,Remy,client,546,Prince-Philip,Saint-Jean-sur-Richelieu,QC,CA,B7M 5X5
record788@tp2.com,3yxsjwdF,Hamilton,Enzo,client,349,René-Philippe,East Angus,QC,CA,Y4P 7M8
peace887@tp2.com,sMEXa2Eq,Girouard,Anais,admin,791,Asselin,Métis-sur-Mer,QC,CA,B8W 3W8
easy206@tp2.com,rRdwvBNy,Cardin,Jimmy,client,690,Lisieux,Joliette,QC,CA,X9S 0J2
glass718@tp2.com,tVZLJ0tv,Daneau,Matthew,client,1007,Brunet,Sainte-Anne-de-Beaupré,QC,CA,Z1N 0N5
perform26@tp2.com,iqkvfD9S,Labrecque,Leonie,client,794,Hillcrest,Saint-Lazare,QC,CA,Q9X 5W4
lead803@tp2.com,WqLH6QMP,Simon,Nelia,client,691,Marisa,Clermont,QC,CA,C8S 7A6
executive488@tp2.com,byX78SXs,Tessier,Allie,client,179,Staveley,Boucherville,QC,CA,Y0B 7X1
minute30@tp2.com,B2klXITZ,Ledoux,Simone,client,819,Pierre-Chaperon,Scotstown,QC,CA,E4T 1J0
plant121@tp2.com,2AAuh97M,Lafrance,Jayce,admin,705,Romaine,Windsor,QC,CA,Z3H 9Y2
stock830@tp2.com,y6ftYTjT,Joncas,Zack,client,458,Antoine-Girouard,Rivière-du-Loup,QC,CA,X3F 4E6
end27@tp2.com,p1Oh6Ktp,Lafrenière,Sara,client,538,Sainte-Élizabeth,Saint-Honoré,QC,CA,I5Z 5I3
approach758@tp2.com,JTL2vcHG,Labranche,Jayce,client,482,Violettes,Duparquet,QC,CA,I6G 0D5
staff15@tp2.com,sEpUi6L9,Lamy,Adelia,client,403,Laval,Sainte-Marthe-sur-le-Lac,QC,CA,D2K 7N7
according514@tp2.com,SYKr3Al1,Lord,Dario,client,992,Joseph-Ponrouge,Lac-Saint-Joseph,QC,CA,J5U 1Z3
such565@tp2.com,C9wBHZtl,Laberge,Mateo,client,27,Philippe-Musseaux,Mont-Saint-Hilaire,QC,CA,E6P 7R4
fill733@tp2.com,A1CFBpei,Désilets,Lucas,client,927,Bégin,Amos,QC,CA,S1K 3S1
industry690@tp2.com,jIQ8AfPJ,Plamondon,Robin,client,47,Newton,Macamic,QC,CA,T7P 5E3
conference882@tp2.com,bweDDRlL,Jolicoeur,Cloe,client,93,Howard,East Angus,QC,CA,C7M 9E7
though898@tp2.com,h33TYs0Y,Maisonneuve,Colton,client,231,Anthony,Vaudreuil-Dorion,QC,CA,D5Q 9F0
cause583@tp2.com,oDU7V9Sx,Vigneault,Ayla,client,550,Perreault,Sainte-Marthe-sur-le-Lac,QC,CA,Z5T 4R8
always80@tp2.com,nx6Pa5ZI,Morin,Francis,client,831,Rubaniers,Deux-Montagnes,QC,CA,P5C 3Q5
poor21@tp2.com,q7XwqMhY,Thomas,Wilson,client,389,Bibaud,L'Île-Dorval,QC,CA,U7E 5Z7
disease501@tp2.com,CbYGx5yB,Lewis,Kayden,client,437,Cuvillier,Candiac,QC,CA,P8I 4B5
chance629@tp2.com,sRX9SGBY,Roger,Eliana,client,65,Sorbiers,Sainte-Catherine,QC,CA,L5X 7D8
under584@tp2.com,NdtK9hqX,Desnoyers,Camila,client,504,Pierre-Piché,Témiscaming,QC,CA,K6G 8C0
between715@tp2.com,QPFJABck,Delâge,Will,client,719,Marquis,Murdochville,QC,CA,B5X 3O9
better854@tp2.com,RvQXk5ec,Major,Jessie,client,240,Tailhandier,Baie-D'Urfé,QC,CA,I2J 8W1
increase943@tp2.com,RaA2Q8Z3,Lepage,Jordan,client,752,Bizard,Nicolet,QC,CA,U4B 2Y5
Democrat541@tp2.com,ODowLcCj,Biron,Mathilde,client,2,Pierre-Chaperon,Candiac,QC,CA,C2Z 7O9
approach758@tp2.com,9OrmwKGV,Montpetit,Coralie,client,1001,Prévost,Matane,QC,CA,C2U 8J9
staff15@tp2.com,9u4wykD3,Tanguay,Michael,client,361,École,Thurso,QC,CA,Z6I 0D4
play709@tp2.com,gujxD1WD,Clément,Lyanna,client,143,Cartier,Westmount,QC,CA,P5F 8A0
plant121@tp2.com,jCyXzlQ7,Courchesne,Alexandra,admin,630,Louis-Juchereau,Mont-Joli,QC,CA,N4H 3T5
hold280@tp2.com,CPDjFQiK,Adams,James,client,284,Patricia,Sainte-Anne-de-Bellevue,QC,CA,W5X 1D5
level910@tp2.com,q0AtMp0P,Nadeau,Ava,client,556,Sittelles,L'Épiphanie,QC,CA,X4J 8V7
where547@tp2.com,r3qNE1U4,Bissonnette,Mahee,client,4,R-100,Disraeli,QC,CA,R5X 9I7
practice553@tp2.com,WTtzWKvd,Roberge,Elizabeth,client,366,Philippines,Saint-Jean-sur-Richelieu,QC,CA,F9H 0F6
say383@tp2.com,JZ1GpI5v,Théroux,Ziad,client,996,Outaouais,Danville,QC,CA,V0I 5X1
fire885@tp2.com,uepBn9Q5,Grondin,Miguel,client,637,Portage,Delson,QC,CA,W7I 8M9
street331@tp2.com,POLrKwNF,Paul,Madeleine,client,645,Lamarche,Sainte-Adèle,QC,CA,F3P 2N4
blue771@tp2.com,FGLeZane,Cabana,Louana,client,909,Wilfrid-Pelletier,Dunham,QC,CA,I1T 6L2
probably544@tp2.com,yRUguzjd,Petit,Eliana,client,160,Claude-Élisabeth-Souart,Rivière-du-Loup,QC,CA,P8R 3U8
develop856@tp2.com,Pcrg5vpe,Desaulniers,Remi,client,189,Joseph-Bouchette,Baie-Comeau,QC,CA,N3S 3E7
reason107@tp2.com,jm6cG0OX,Viens,Louanne,client,779,Général-Vanier,Percé,QC,CA,R5B 5B5
seat347@tp2.com,Zi1DN86L,Guimond,Kenzo,client,172,Albanel,Sainte-Agathe-des-Monts,QC,CA,P5G 0Q4
bill806@tp2.com,UHPknLHn,Babin,Zara,admin,20,Aubert,Thurso,QC,CA,W8R 1K0
choose800@tp2.com,6fwUiMy8,Painchaud,Souleymane,client,348,Tourterelles,Saint-Eustache,QC,CA,I1O 0B3
condition409@tp2.com,tUaORCAS,Dumouchel,Laure,client,261,Saules,La Malbaie,QC,CA,T5M 3T9
keep50@tp2.com,dV4ccSpR,Deschamps,Cedric,client,34,Murdoch,Charlemagne,QC,CA,B9W 6B0
article842@tp2.com,BBzrPRua,Ruel,Loukas,client,134,Montcalm,Clermont,QC,CA,I6U 3Y4
sea402@tp2.com,WWdDQJIU,Rousseau,Ibrahima,client,52,De Cournoyer,Matane,QC,CA,N5Q 8T4
believe589@tp2.com,IeNzBVjl,Loyer,Hamza,client,525,Rougemont,Lebel-sur-Quévillon,QC,CA,J8Y 2O5
left276@tp2.com,ZK3GITaD,Desfossés,Khloe,client,531,Lalemant,Boucherville,QC,CA,K9K 4L8
ball583@tp2.com,wtA9AngI,Béliveau,Ada,client,139,Saint-Jacques,Métabetchouan–Lac-à-la-Croix,QC,CA,Z3M 1Z9
she599@tp2.com,nfz0tCSv,Rochefort,Louis-felix,client,774,Monnoir,Saint-Amable,QC,CA,W9I 0W0
television233@tp2.com,8itcKshd,Beaudoin,Samael,client,72,Jean-Baptiste-Riendeau,Témiscouata-sur-le-Lac,QC,CA,Q0X 1A7
itself50@tp2.com,xgUkv2rX,Néron,Lambert,client,271,Sorbiers,East Angus,QC,CA,Q3T 8Z0
card288@tp2.com,SrmyTAi7,Rocheleau,Alizee,client,871,Pierre-C.-Le Sueur,Drummondville,QC,CA,U7B 4B4
away574@tp2.com,GBT2s1SX,Desfossés,Kian,admin,62,Baffin,Saint-Marc-des-Carrières,QC,CA,V6S 0B9
too805@tp2.com,s6JqSekw,Fafard,Magalie,admin,791,Normandie,Saint-Philippe,QC,CA,C1T 9R6
east312@tp2.com,5bv6pbA5,Girouard,Mikaela,client,482,Biencourt,Rimouski,QC,CA,Y0N 1V1
drop562@tp2.com,T6R7py3S,Brunet,Alyssia,client,613,Vosges,Saint-Césaire,QC,CA,D0C 0M2
speech320@tp2.com,XM2rQnq7,Desnoyers,Iris,client,621,Valéry,Saint-Césaire,QC,CA,B0R 6J9
arm252@tp2.com,KNmSm3Fx,Poirier,Oscar,client,674,Kipps,Sainte-Anne-de-Bellevue,QC,CA,M8P 8R5
develop864@tp2.com,sWBUudj8,Riopel,Athena,client,194,White,Lac-Saint-Joseph,QC,CA,O8O 0Z8
season931@tp2.com,P7rPD1iD,Joyal,Aurelie,client,580,Mario,Mirabel,QC,CA,K3Y 0D4
activity853@tp2.com,TpR8m6DQ,Comeau,Megane,client,115,Poitou,Disraeli,QC,CA,Q8P 2F7
doctor934@tp2.com,TvQfbN6V,Santerre,Cedric,client,302,Pradier,Shawinigan,QC,CA,O5I 5W0
defense328@tp2.com,P73invro,Lévesque,Megane,admin,277,Maillard,Kirkland,QC,CA,H7G 8N3
mind902@tp2.com,CPDjFQiK,Jacques,Elijah,client,1004,Louis-Juchereau,Schefferville,QC,CA,O2H 3K4
five678@tp2.com,jCINUWcH,Gosselin,Cloe,client,827,Marquette,Lachute,QC,CA,F1T 8Y4
trip761@tp2.com,VFQqRyn0,Bellerose,Aurora,client,363,Waterman,Repentigny,QC,CA,S7P 2W6
though898@tp2.com,iab5jm87,Thompson,Benoit,client,949,Monnoir,Victoriaville,QC,CA,D3B 8L3
then188@tp2.com,jRqiMELc,St-Georges,Nova,client,491,Champagnier,Saint-Philippe,QC,CA,D7B 5T9
huge347@tp2.com,J0BTXvXW,Bernier,Etienne,client,640,Hampton,Waterloo,QC,CA,U7Z 6H8
dinner989@tp2.com,VFQqRyn0,Laverdière,Matias,client,649,Odessa,Senneterre,QC,CA,N6Y 6K8
almost355@tp2.com,WsCbNj4F,Ouimet,Aimee,client,928,Jean-Talon,Montmagny,QC,CA,R7P 4W5
animal845@tp2.com,ZU1wIWo2,Dostie,Clovis,client,784,York,Saint-Joseph-de-Beauce,QC,CA,R4W 4Y9
fund3@tp2.com,6fwUiMy8,Gallant,Oli,client,918,Routhier,Boucherville,QC,CA,M1J 7B2
scientist469@tp2.com,3tBkWxXD,Riendeau,Alessio,client,223,Moquin,Dunham,QC,CA,L0P 7N0
democratic672@tp2.com,0gyBMTwj,Charles,Anae,client,891,Sinclair,Lachute,QC,CA,B8Z 7A1
partner152@tp2.com,DUb0r5Rv,Néron,Louis-felix,client,817,Pierre-Thomas-Hurteau,Lac-Mégantic,QC,CA,F2U 5Z6
involve929@tp2.com,7IhQPmyG,Legros,Arno,client,547,Normandie,Gatineau,QC,CA,X1G 4O2
million785@tp2.com,lCkduH4Z,Mitchell,Eleonore,client,827,Samuel-Provost,Saint-Augustin-de-Desmaures,QC,CA,Y4A 3S5
final421@tp2.com,taPw3ce0,Jones,Clovis,client,610,Antoine-Favreau,Varennes,QC,CA,I7X 6V2
these848@tp2.com,bDwKwCLk,Poirier,Mohamad,client,960,De La Jemmerais,Mercier,QC,CA,Z6P 2R1
if616@tp2.com,gIKmEYJh,Mallette,Jordan,client,524,Vincent,L'Île-Perrot,QC,CA,D0Q 6E4
work913@tp2.com,YTmK6jM1,Lirette,Ariana,client,700,De Varennes,Dollard-Des Ormeaux,QC,CA,L7G 2I6
experience658@tp2.com,ztlr9FRX,Sabourin,Alizee,client,8,Victor-Bourgeau,Contrecœur,QC,CA,Q5C 4F4
the504@tp2.com,IzpjrXH2,Gill,Leandro,client,346,Pierre-Davignon,Dolbeau-Mistassini,QC,CA,A3J 0R4
budget188@tp2.com,V9GBfXKR,Alarie,Kaleb,client,689,Montpellier,Saint-Lin–Laurentides,QC,CA,Q6T 8E7
political388@tp2.com,UGRVRLh4,Pomerleau,Melodie,client,182,Nicolas-Perrot,Métabetchouan–Lac-à-la-Croix,QC,CA,H1A 6I1
death721@tp2.com,4kPJbmhS,Beaudet,Dominic,client,244,Jean-Neveu,Sainte-Agathe-des-Monts,QC,CA,C6K 4W3
look623@tp2.com,wKO8ZyR4,René,Freya,client,878,Frobisher,Richelieu,QC,CA,G5I 4M5
somebody442@tp2.com,u1vAKvGV,Quévillon,Alexander,client,454,Saïgon,Beauharnois,QC,CA,G8N 7E3
her950@tp2.com,NVzBcXE7,Dupuis,Emilio,client,542,Mélias,Saint-Constant,QC,CA,B4Q 7Y7
campaign230@tp2.com,kBBGrm6U,Trahan,Hamza,client,445,Pasteur,Clermont,QC,CA,U4O 0S7
effect833@tp2.com,YTmK6jM1,Côté,Aaliyah,client,75,Marie-Boulard,Victoriaville,QC,CA,Z5G 7O8
that694@tp2.com,VkmgAL9x,Sylvain,Adrian,client,377,Claude-Bourgeois,Roberval,QC,CA,W0S 9O3
likely697@tp2.com,Ux3WzKXl,Cusson,Aisha,client,77,Glaïeuls,Mont-Laurier,QC,CA,I0L 4P0
hour656@tp2.com,G1ZMQMIg,Ricard,Maxime,client,209,Ruisseau,La Sarre,QC,CA,R1O 8S9
speech826@tp2.com,IeNzBVjl,Fleurant,Bastien,client,928,Montclair,Saint-Lazare,QC,CA,P4O 2B2
red942@tp2.com,HagJrBah,René,Elyas,client,788,Blainville,New Richmond,QC,CA,Y8E 3X0
catch404@tp2.com,tKfovsO5,Normand,Thiago,client,306,Caron,Roberval,QC,CA,N2V 5V1
hang989@tp2.com,akxale70,Chouinard,Eleanore,client,703,Place-du-Commerce,Saint-Jean-sur-Richelieu,QC,CA,J1H 3O0
success852@tp2.com,TPszSyx9,Perras,Miko,client,884,John,Saint-Pie,QC,CA,P0B 7P0
attention226@tp2.com,s6JqSekw,Boisjoli,Antonin,client,734,La Fredière,Saint-Ours,QC,CA,H9U 9B7
just45@tp2.com,nXVwSeDs,Trottier,Timothe,client,501,Louis-J.-Lafortune,Richelieu,QC,CA,K6W 1V5
table934@tp2.com,xq8guclt,Dufour,Anastasia,client,290,De La Pérouse,Saint-Pascal,QC,CA,M2R 3E8
shake681@tp2.com,iSfYTL0r,David,Lea-jade,client,265,Charles-Aubertin,Témiscouata-sur-le-Lac,QC,CA,I0P 0M5
general215@tp2.com,w43X8EzQ,St-Germain,Daphne,client,391,Louis-Hébert,Amos,QC,CA,P1G 0C7
director904@tp2.com,ONQRV2rr,Bisaillon,Koralie,client,258,Limousin,Chapais,QC,CA,L9W 1T2
gas683@tp2.com,fI6wASVM,Pineault,Aly,admin,409,Nassau,East Angus,QC,CA,G1Q 0R6
hear780@tp2.com,oSSrYspA,Lachaîne,Lennox,client,642,Fréchette,Plessisville,QC,CA,L9J 0J7
whose818@tp2.com,PjGHhvds,Gauvin,Evy,client,307,Albert-Bélanger,Rigaud,QC,CA,N5U 2J4
generation410@tp2.com,lhF6wzPw,David,Hamza,client,592,Catherine-Forestier,Cowansville,QC,CA,X3W 5G4
song631@tp2.com,pKelHnKS,Alarie,Youcef,client,948,Bourgogne,Saint-Jérôme,QC,CA,O3Z 5N1
firm504@tp2.com,7Ae3xx1i,Awashish,Ally,client,325,Birtz,L'Île-Cadieux,QC,CA,A2H 5M9
low842@tp2.com,doMyUraV,Doiron,Frederique,client,624,Soissons,Sainte-Anne-des-Plaines,QC,CA,X9U 4S9
must522@tp2.com,tKfovsO5,Cloutier,Adriano,client,992,Marie-Rose,Matane,QC,CA,X8P 9B2
sex127@tp2.com,EKzUpcqA,Couturier,Yitty,client,476,Logan,Macamic,QC,CA,F2T 7A6
economic936@tp2.com,nfz0tCSv,Diotte,Arielle,client,984,Charles-Lacoste,Lac-Mégantic,QC,CA,P3Q 3J1
away518@tp2.com,0dq6xguJ,Bureau,Jaymi,client,2,Ozias-Leduc,Donnacona,QC,CA,R5X 9G7
information506@tp2.com,LEHiCalk,Plante,Kilian,client,416,Lamy,L'Ancienne-Lorette,QC,CA,S7U 3G6
heat838@tp2.com,6b9IwzUx,Diamond,Peyton,admin,736,Étang,Maniwaki,QC,CA,J1P 2G9
decide136@tp2.com,k6BiHMLe,Pedneault,Rosemarie,client,1018,Milice,Laval,QC,CA,C4U 2E5
it74@tp2.com,Fvwmnx9F,Vallée,Ilyes,client,618,Cornouillers,Schefferville,QC,CA,K2T 3Q7
store768@tp2.com,tMoLOm2c,Lécuyer,Matias,client,622,Loire,Sainte-Julie,QC,CA,K6C 4E1
information290@tp2.com,JC39ruId,Martel,Emy,client,41,Abymes,Sainte-Anne-des-Monts,QC,CA,J7H 8E0
sign856@tp2.com,IBZFX6U1,Généreux,Madison,client,860,Dorion,Portneuf,QC,CA,H8W 3S3
scientist469@tp2.com,PUnS83Lq,Comeau,Ashley,client,741,Béatrice-La Palme,Kirkland,QC,CA,O2E 8O2
run513@tp2.com,fyVDDY6D,Li,Jayden,client,1022,Parc,Chambly,QC,CA,J2J 5O7
station372@tp2.com,qq0Hic1Q,Chassé,Hugo,client,601,Olivier-Fournier,Dollard-Des Ormeaux,QC,CA,C4A 8G2
develop856@tp2.com,X7zVxdqk,Gauvin,Catherine,client,3,Philippe-Musseaux,Candiac,QC,CA,M4H 7D3
professor440@tp2.com,wlgZoP4k,Bélisle,Elianne,client,555,Newbury,Montréal-Ouest,QC,CA,K7H 4U1
experience658@tp2.com,Je2w0Nyp,Boutin,Emrick,client,947,Paquin,Rouyn-Noranda,QC,CA,K5I 8N8
those733@tp2.com,mD9rnCfa,Bisaillon,Micah,client,184,Futaie,Prévost,QC,CA,G1I 0D4
between110@tp2.com,RAxeHAGg,Caouette,Mael,client,367,Saint-Maurice,Gaspé,QC,CA,L2Z 4S3
plan126@tp2.com,eyHCKek4,Carbonneau,Blake,client,669,Albanel,Otterburn Park,QC,CA,Q1K 4E0
candidate750@tp2.com,oUlHsfxg,St-Laurent,Emmanuel,client,76,Robert-H.-Goddard,Saint-Georges,QC,CA,N0D 0B2
nothing61@tp2.com,JZ1GpI5v,Bibeau,Tyson,client,902,Bruxelles,Lavaltrie,QC,CA,H2C 6R6
want402@tp2.com,h63VN9fw,Durocher,Abraham,client,541,Raymond,Shannon,QC,CA,Y0U 1A5
story464@tp2.com,ngZ8a8SC,Chartier,Josh,client,205,Pierre-Viger,Vaudreuil-Dorion,QC,CA,F9U 9X2
risk474@tp2.com,9rEy3MpX,Carbonneau,Sami,client,170,Réveillon,Carignan,QC,CA,P7Q 7L4
conference882@tp2.com,xkP6iY3W,Dufresne,Elliott,client,680,Ovide,Malartic,QC,CA,E8P 6X0
American311@tp2.com,f5GVM7zT,Lacoste,Lia,client,256,Aurèle,Huntingdon,QC,CA,X5G 6U8
drop562@tp2.com,bCJb5aDj,Haché,Elina,client,609,Outaouais,New Richmond,QC,CA,E2N 0Z9
gun606@tp2.com,xq8guclt,Dubois,Justine,client,536,De Châteauguay,Saint-Jean-sur-Richelieu,QC,CA,V4I 3F3
short36@tp2.com,WwNg87JJ,Lirette,Naomi,client,353,Gagnon,Notre-Dame-de-l'Île-Perrot,QC,CA,M9P 3L9
current674@tp2.com,gDNo9yUW,Dussault,Will,client,464,Riopelle,La Pocatière,QC,CA,Q9V 7F5
effort150@tp2.com,Wqxn13TZ,Legaré,Zara,client,1015,Tétrault,Fermont,QC,CA,B9K 5R3
ago901@tp2.com,9rEy3MpX,Descôteaux,Megan,client,784,Saint-Charles,Saint-Lazare,QC,CA,W5X 3F7
into634@tp2.com,xfQ3Nnnp,Vermette,Ellie,admin,261,Saint-Charles,Kingsey Falls,QC,CA,X7B 4R6
business49@tp2.com,O0sPNcOA,Imbeault,Renaud,client,549,Chapleau,Boucherville,QC,CA,D0A 8S5
finger887@tp2.com,w3cElZBD,Daigle,Jaxson,client,611,Vega,Saint-Raymond,QC,CA,Q7I 0C4
left276@tp2.com,EKzUpcqA,Joyal,Michael,client,205,Henri-Massé,Lorraine,QC,CA,W8F 5Q5
hold620@tp2.com,u7vgGqTr,Mayer,Esther,client,28,Racine,Chambly,QC,CA,W0I 1L7
poor21@tp2.com,jIQ8AfPJ,Rose,Leana,client,351,Gaboury,Rouyn-Noranda,QC,CA,N7F 5U5
stock830@tp2.com,2MHqxry0,Young,Madeleine,client,477,Pâquerettes,Sutton,QC,CA,U8G 1R1
candidate509@tp2.com,9AudDKwO,Ménard,Iris,client,986,Juliette-Béliveau,La Malbaie,QC,CA,Q1E 4K9
speak134@tp2.com,cQGafgP7,Roy,Tobias,client,613,Wolfe,Clermont,QC,CA,C2G 2D8
many78@tp2.com,dcjKoCX7,Laforest,Violet,client,86,Romaine,East Angus,QC,CA,C4T 1K2
baby608@tp2.com,y4ZzE5Jn,Delisle,Marc,client,286,Molènes,Mont-Royal,QC,CA,Z9E 0I9
look623@tp2.com,doMyUraV,Coulombe,Zakaria,client,814,Saint-Jacques,Saint-Lazare,QC,CA,L5H 4C8
like458@tp2.com,BoZ4J7i2,Pageau,Charlot,client,234,Guérin,Rigaud,QC,CA,T9J 3N0
technology789@tp2.com,idDGQUzU,Tremblay,Luka,client,774,Jules-Roches,Dégelis,QC,CA,E5T 2C4
him531@tp2.com,k6BiHMLe,Guilbault,Jad,client,66,Nantes,Sutton,QC,CA,J3N 5Z9
institution685@tp2.com,ggfr13PZ,Nadeau,Cleo,client,943,Suzor,Cap-Santé,QC,CA,J2J 3S3
news512@tp2.com,106FD5x9,Rainville,Alexe,client,425,Jean-Baptiste-Riendeau,Laval,QC,CA,R9V 4A1
church206@tp2.com,DFihdnCg,Lalonde,Cecilia,client,962,Antoine-Delauné,Neuville,QC,CA,Y8O 0K7
indicate620@tp2.com,539y2jZf,Poliquin,Emerick,client,311,Géraniums,Sorel-Tracy,QC,CA,C0T 9V2
century770@tp2.com,2Qwz0EDn,Leroux,Anne-sophie,client,783,Bord-de-l'Eau,Charlemagne,QC,CA,B1S 7M6
course589@tp2.com,nA6t1xT1,Constantineau,Lexy,client,320,Louis-H.-La Fontaine,Lac-Sergent,QC,CA,E1O 2A8
whom220@tp2.com,BIp3KdIi,Dastous,Kenza,client,785,Tourterelles,Saint-Honoré,QC,CA,F0E 8H4
bar497@tp2.com,aDugubsE,Boulianne,Travis,client,1020,Ville-Marie,L'Épiphanie,QC,CA,A4R 6N9
rather993@tp2.com,IBZFX6U1,Thiffault,Milan,client,19,Hélène-Boullé,Nicolet,QC,CA,X7T 4B1
meet266@tp2.com,odhMTtZk,Lahaie,Ava,client,990,Corbière,Sainte-Julie,QC,CA,M9Q 4J3
activity853@tp2.com,qq0Hic1Q,Gascon,Alexy,client,79,Pépin,Richelieu,QC,CA,O5X 2H4
brother349@tp2.com,3hMUqWJp,Tran,Lea-kim,client,916,Therrien,Lac-Mégantic,QC,CA,H1S 5U2
yourself627@tp2.com,IYP3aJ0G,Blanchette,Raphael,client,511,Montarville,Cowansville,QC,CA,R1A 6X4
huge347@tp2.com,ZACvZ8L0,Durand,Charli,client,253,Poupart,Notre-Dame-des-Prairies,QC,CA,R0P 2E1
face979@tp2.com,Vno6IXQk,Langlais,Ghali,client,263,Autheuil,Léry,QC,CA,S6C 7V9
sure140@tp2.com,2MHqxry0,St-Laurent,Kyle,client,155,Oslo,Shawinigan,QC,CA,N9K 3J5
late662@tp2.com,Cfnht0yu,Cabana,Malak,client,120,Liverpool,Belleterre,QC,CA,G7U 4J2
information290@tp2.com,WvhRhzFy,Arcand,Robin,client,311,Grou,Lac-Saint-Joseph,QC,CA,N2U 3L1
street853@tp2.com,T2RCcLTq,Patenaude,Lexa,client,789,Isabel,Waterville,QC,CA,L6G 7X3
claim654@tp2.com,ZTSHBBNT,Cliche,Teo,admin,579,De Chambly,Métis-sur-Mer,QC,CA,V3T 9B1
age942@tp2.com,SrmyTAi7,Choquette,Camelia,client,414,Routhier,Sainte-Marguerite-du-Lac-Masson,QC,CA,Y4D 0L6
doctor934@tp2.com,jcAuLKAI,Gariépy,Astrid,client,941,Moquin,Victoriaville,QC,CA,Z8Y 7T8
process125@tp2.com,ioXBi8Pj,Tremblay,Ruby,client,739,Lemelin,Saint-Amable,QC,CA,C6A 0A8
risk474@tp2.com,HjSETM9V,Brunet,Morgane,client,388,Radisson,Notre-Dame-des-Prairies,QC,CA,S9R 1Q2
scene384@tp2.com,p1Oh6Ktp,Turmel,Aurora,client,63,Nicolas-Manny,La Sarre,QC,CA,N2K 4E2
hold620@tp2.com,NQ0YSksT,Martinez,Louane,client,307,Auger,Saint-Pamphile,QC,CA,O2K 6X2
better854@tp2.com,GmNLb0KM,Belleau,Floralie,client,583,Saïgon,Dollard-Des Ormeaux,QC,CA,Y9N 8N7
guess881@tp2.com,V1hcSiSs,Lirette,Aurelie,client,821,Mésanges,Donnacona,QC,CA,N5G 5U6
private827@tp2.com,vzNWXGVW,Arcand,Augustin,client,114,Taggart,La Sarre,QC,CA,R2B 7L5
sex127@tp2.com,PJZCnRzY,Chassé,Louis-thomas,client,325,Jean-Talon,Sainte-Brigitte-de-Laval,QC,CA,F6O 9Q0
meet499@tp2.com,tHXMryKA,Reid,Ezekiel,client,898,Migneault,La Malbaie,QC,CA,N5T 3I2
dead898@tp2.com,KiAYPXSv,Chassé,Lya,client,854,Cabot,Chapais,QC,CA,S2O 0D2
agree961@tp2.com,ea2pMJrR,Bellemare,Mickael,client,215,Ouellette,Salaberry-de-Valleyfield,QC,CA,W8T 6P3
itself50@tp2.com,BeZXGLah,Santerre,Darius,client,912,Cartier,Malartic,QC,CA,E1P 4P4
next19@tp2.com,JC39ruId,Laprise,Freya,client,676,Cascades,Sainte-Anne-de-Beaupré,QC,CA,L1P 3T2
evening968@tp2.com,FYgNtMP1,Patry,Margot,admin,1014,Nicolas-Hogleman,Marieville,QC,CA,E3N 5U2
scene384@tp2.com,Q09Ji7XV,Côté,Julian,client,981,Saint-François,Granby,QC,CA,J5K 5K4
require440@tp2.com,OKIZcFno,St-Cyr,Nathaniel,client,515,De Montizambert,Matagami,QC,CA,Y6T 7J5
our573@tp2.com,v8sR31ai,Déziel,Nathan,client,694,Champlain,Chibougamau,QC,CA,W2P 7L8
never337@tp2.com,znCnfRAv,Bilodeau,Eline,client,109,Fontainebleau,Westmount,QC,CA,S3C 7F4
view416@tp2.com,QQMeWSdT,Choquette,Edward,client,637,Jacques-Noël,Waterloo,QC,CA,D4R 3T5
problem295@tp2.com,wTnempmH,Rouillard,Henrik,client,623,Emma,Cookshire-Eaton,QC,CA,M7Z 0V3
stock830@tp2.com,J1wgpadF,Gélinas,Ali,client,330,Prince,Sherbrooke,QC,CA,W0N 8I8
gas683@tp2.com,mHPJOLKg,Villeneuve,Audrey,client,78,De Montesson,Sainte-Brigitte-de-Laval,QC,CA,T8I 6V5
forward985@tp2.com,wFeGoZzO,Dagenais,Bruce,client,325,Lise-Charbonneau,Belœil,QC,CA,P2V 1Z5
those546@tp2.com,qCZgG20t,Nolin,Albert,client,96,Aline,Saint-Rémi,QC,CA,U8R 7P0
girl925@tp2.com,KvXYzran,Mitchell,Thomas,client,309,Provence,Saint-Marc-des-Carrières,QC,CA,A6G 4U9
fact712@tp2.com,jGvJx2Vs,Dastous,Leia,client,996,Léry,Carleton-sur-Mer,QC,CA,H8C 3A8
hang549@tp2.com,pb5mcQzD,Lesage,Jayson,client,870,Vignau,Sainte-Catherine,QC,CA,D3E 4D5
disease806@tp2.com,LCndxgRm,Julien,Bryan,client,914,Prince-Charles,Saint-Joseph-de-Sorel,QC,CA,Y8G 2T5
quite175@tp2.com,DGm9mRAa,Benoît,Kayla,client,400,Nielsen,Saint-Jean-sur-Richelieu,QC,CA,N7W 9D8
Democrat313@tp2.com,Sil1MmIp,Normandin,Micah,client,451,ENA,Saint-Constant,QC,CA,E8F 5M2
perhaps961@tp2.com,IvppOZfB,Langelier,Massimo,client,423,Desautels,Baie-D'Urfé,QC,CA,M4Y 4L7
happen242@tp2.com,WsCbNj4F,Scott,Ada,client,101,Lincourt,Valcourt,QC,CA,J3C 1L5
violence782@tp2.com,zpxRJ9GS,Langelier,Adeline,client,777,Manou,L'Épiphanie,QC,CA,I5Y 8D9
study381@tp2.com,TS5jXXGv,Dumont,Margot,client,650,Louis-Jobin,East Angus,QC,CA,T6P 1C9
sex127@tp2.com,uTbiYHDu,Bernard,Emilio,client,576,Allan,Thetford Mines,QC,CA,Y6J 2X4
away518@tp2.com,qCZgG20t,Khan,Francis,client,674,Pierre-Larrivé,Scotstown,QC,CA,O8D 2K2
our573@tp2.com,SNyFntXz,Lecours,Octavia,client,768,Burton,Windsor,QC,CA,I4B 9C7
into634@tp2.com,AcepAY1t,Mallette,Nina,client,888,Regent,Léry,QC,CA,M6N 6T4
prevent743@tp2.com,xUzM0N8G,Campbell,Ruby,client,721,Jean-Bariteau,Brownsburg-Chatham,QC,CA,L9A 2P6
card288@tp2.com,gYr7uOio,Hardy,Louna,client,607,Viger,Lac-Saint-Joseph,QC,CA,F2O 2E1
the103@tp2.com,7JjBhehd,Taillefer,Florence,client,294,Viger,Terrebonne,QC,CA,O0X 3Q8
service356@tp2.com,hwZYTqx6,Munger,Caleb,client,187,Meilleur,East Angus,QC,CA,B3T 0I1
heat838@tp2.com,RTBHRzEa,Beauchesne,Joud,client,914,De Grosbois,Chapais,QC,CA,N9K 5O3
when156@tp2.com,FrGzRIW3,Cossette,Patrick,client,382,Charles-Lussier,Bonaventure,QC,CA,R7H 9Y7
approach224@tp2.com,rwgmNqNu,Valcourt,Dante,client,255,Magnolias,Daveluyville,QC,CA,I0V 3P2
keep50@tp2.com,YIdsXe5J,Patel,Celine,client,952,Jérôme-Lalemant,Saint-Jean-sur-Richelieu,QC,CA,W6F 3A5
set148@tp2.com,Wqxn13TZ,Tardif,Augustin,client,1016,Lincourt,Charlemagne,QC,CA,J9M 0A4
problem295@tp2.com,f5GVM7zT,Bélanger,Mohamad,client,800,René-Rémy,Gracefield,QC,CA,O0X 3V5
kitchen528@tp2.com,LCndxgRm,Jones,Mylan,client,827,Rossini,Valcourt,QC,CA,Y8C 3W4
career233@tp2.com,DUb0r5Rv,Allard,Maxime,client,845,Jensens,Hudson,QC,CA,G8I 4K3
or553@tp2.com,LGKzMTWE,Manseau,Clemence,client,399,Colbert,Acton Vale,QC,CA,C8B 6H1
program96@tp2.com,UGRVRLh4,Langelier,Azelie,client,1004,Joseph-Lassonde,Malartic,QC,CA,P5R 1P5
activity222@tp2.com,Hd2W83nX,Beaudin,Flora,client,314,H.-W.-Clarke,Témiscouata-sur-le-Lac,QC,CA,Y8V 5Y8
finger887@tp2.com,jjHMLHed,Bussières,Ian,client,400,Perce-Neige,Saint-Félicien,QC,CA,P3G 3P6
our573@tp2.com,ZzKj1aV0,Denis,Alysson,client,929,Bosquet,Sainte-Brigitte-de-Laval,QC,CA,C0F 9Y7
important144@tp2.com,J8pe1wHm,Berger,Elodie,client,135,Forant,Sainte-Anne-des-Plaines,QC,CA,Z1P 2Q2
final421@tp2.com,7Ae3xx1i,Drolet,Coralie,client,565,Roy,Duparquet,QC,CA,X8Z 2I9
business956@tp2.com,xyh1mbv3,Desmarais,Zac,client,572,King-George,Lac-Brome,QC,CA,K7G 7S0
period174@tp2.com,4X91XNb8,Deslauriers,Roseline,client,172,Cygne,Saint-Jérôme,QC,CA,Q6Z 9R0
black916@tp2.com,2CuNmgXz,Garcia,Ilan,client,105,Lea,Pont-Rouge,QC,CA,R0G 6E7
health365@tp2.com,ZRwdX42g,Gemme,Maddie,admin,529,Monette,Lavaltrie,QC,CA,G8F 2Q8
put78@tp2.com,IXtnjXJN,Sénécal,Julian,client,297,Aulnes,Sainte-Catherine,QC,CA,O6E 3S2
finger405@tp2.com,ubnXsyNZ,Gonzalez,Timothy,client,841,De La Salle,Montmagny,QC,CA,O0J 1V5
state795@tp2.com,ujuMpenI,Loyer,Adelina,client,501,Cardinal-Villeneuve,Thurso,QC,CA,E1V 4N1
history599@tp2.com,SVvSpOu0,Chamberland,Adaline,client,1018,Parizeau,Richmond,QC,CA,Z2Y 8E6
yes533@tp2.com,LDG1xhgA,Dubuc,Jaylen,client,164,Émile-Nelligan,Ville-Marie,QC,CA,E6K 1I0
pretty657@tp2.com,SNyFntXz,Gaulin,Omar,client,59,Voltaire,Beauceville,QC,CA,U6F 9C2
though898@tp2.com,s6SgDPbF,Guimond,Lou-ann,client,643,Bégonias,Magog,QC,CA,S8Q 6B0
disease806@tp2.com,wlgZoP4k,Lajoie,Idriss,client,576,Baron,La Sarre,QC,CA,M7O 9V6
skin422@tp2.com,TYDgD2Ic,Dumouchel,Lucy,client,658,Saint-Michel,Farnham,QC,CA,C8Q 7Y1
effort204@tp2.com,7ajfNAuC,Décarie,Charles-henri,client,19,Pinsons,Notre-Dame-de-l'Île-Perrot,QC,CA,P2G 8M1
believe589@tp2.com,OKIZcFno,Cadorette,Abel,client,850,Louis-Juchereau,Paspébiac,QC,CA,P3D 1R4
expect686@tp2.com,dV4ccSpR,Verville,Alphonse,client,873,Terroux,Estérel,QC,CA,S5V 9I9
trip474@tp2.com,SxfFPgnd,Grégoire,Evaly,client,45,Alsace,Sainte-Marthe-sur-le-Lac,QC,CA,C2R 2B1
morning876@tp2.com,RY2ifWCi,Doiron,Emilio,client,862,Charlevoix,Macamic,QC,CA,B2K 8T3
say250@tp2.com,q0AtMp0P,Marleau,Lohan,client,381,Bourgogne,Dollard-Des Ormeaux,QC,CA,Y3D 5Y1
exactly604@tp2.com,xYYMLRJM,Pilote,Ayoub,client,857,Bisson,Gracefield,QC,CA,T5I 0Z7
on39@tp2.com,fyVDDY6D,Hamelin,Cooper,client,339,Oasis,Maniwaki,QC,CA,I6A 8S5
meeting81@tp2.com,aDugubsE,Hamilton,Mae,client,397,De La Vérendrye,Waterville,QC,CA,P1U 4W9
him531@tp2.com,ztlr9FRX,Daoust,Emy,client,155,Prevost,Montréal-Ouest,QC,CA,U9X 8O1
skin422@tp2.com,hVM2zkpP,Deschênes,Diego,client,64,Hélène-Boullé,Matane,QC,CA,S8N 2T7
push831@tp2.com,LDG1xhgA,Godin,Zak,client,516,Pierre-Bourgery,Sainte-Anne-de-Bellevue,QC,CA,T7G 5G4
understand913@tp2.com,8qIMTshB,Dallaire,Antonio,client,769,Auguste-Lacaille,Brownsburg-Chatham,QC,CA,P8G 5M0
can541@tp2.com,pb5mcQzD,Bibeau,Antoine,client,662,Pierre-Mercure,Richelieu,QC,CA,M4A 9O7
wait48@tp2.com,s6JqSekw,Cardinal,Malika,client,330,Riopelle,Richmond,QC,CA,K1R 2U4
challenge405@tp2.com,pk2A2oN6,Quenneville,Youssef,client,194,Bord-du-Lac,Warwick,QC,CA,V1D 9G8
carry472@tp2.com,HKWjwhMS,Descôteaux,Charlotte,client,374,Alfred-Laliberté,Beaupré,QC,CA,D1M 6A6
heat838@tp2.com,OKZ2Wdql,Gauvreau,Skye,client,504,Fadets,Princeville,QC,CA,U3Q 2M4
buy436@tp2.com,2Qwz0EDn,Lirette,Stella,client,839,Bourgogne,Belœil,QC,CA,O6A 2L7
factor675@tp2.com,BMoD9hbU,Neveu,Andrea,client,957,Guy,Montréal,QC,CA,I3F 3D0
doctor65@tp2.com,QRx726rP,Lecompte,Alix,client,834,Escale,Beauharnois,QC,CA,V8M 3Z5
where547@tp2.com,wtDdKjoD,Brown,Ashley,client,423,Cervidés,Saint-Philippe,QC,CA,X6Q 6R8
national861@tp2.com,drtnHVoX,Rochon,Khalil,client,695,De Mésy,Val-d'Or,QC,CA,B8M 2M5
ever907@tp2.com,SFckqCzY,Hains,Zoey,client,581,Paradis,Bécancour,QC,CA,U3D 2J9
love723@tp2.com,ztlr9FRX,Desmarais,Kylian,client,687,Orsini,Blainville,QC,CA,I7K 0A5
hold620@tp2.com,sqUMyugv,Gauvreau,Kayla,client,590,Suzor,Daveluyville,QC,CA,M8R 0P0
director904@tp2.com,9u4wykD3,Riendeau,Lou,client,352,King,Malartic,QC,CA,E1M 8K7
machine371@tp2.com,69oS5ROb,Bruneau,Lincoln,client,819,François-P.-Bruneau,Saint-Marc-des-Carrières,QC,CA,N7J 9D1
left276@tp2.com,n0dpqPX6,Chen,Loic,client,148,Carolyn,Carignan,QC,CA,K4U 5C6
pull28@tp2.com,ujuMpenI,Pigeon,Imrane,client,795,Havre,Prévost,QC,CA,L1Z 9O7
these668@tp2.com,IrrVAMSZ,Rhéaume,Noely,client,76,Green,Belleterre,QC,CA,A0V 7S3
here96@tp2.com,NmWhcBsM,Millette,Colin,client,79,Lévesque,Saint-Jean-sur-Richelieu,QC,CA,K7I 9B0
health365@tp2.com,N4ZfKbU6,Beaudin,Riyad,client,305,Rhoda,Port-Cartier,QC,CA,L1M 1K6
line22@tp2.com,sBTTnXMc,Robertson,Nolan,client,305,Plamondon,Trois-Rivières,QC,CA,A1K 0T8
social406@tp2.com,bDwKwCLk,Bourque,Anais,client,783,Limoges,Beaconsfield,QC,CA,Y9B 6J0
factor503@tp2.com,j5KQSsRD,Labranche,Billie-rose,client,363,Arthur-Houle,Saint-Georges,QC,CA,F5V 0W5
speak134@tp2.com,tx6IBCA2,Tousignant,Zack,client,891,De Léry,Forestville,QC,CA,C8N 1Z3
court375@tp2.com,OLdIrtJt,Grenon,Charles-edouard,client,53,Léontine-Marsolais,Lévis,QC,CA,F1N 6D8
almost355@tp2.com,mWtEGJZC,Favreau,Coralie,client,555,Acadie,Beauharnois,QC,CA,U1Y 1S4
business956@tp2.com,HVm94Wex,Lafortune,Etienne,client,573,Morios,La Malbaie,QC,CA,G5B 2R7
head489@tp2.com,vgS4XcXg,Cadieux,Emilie,client,482,Armagnac,Saint-Georges,QC,CA,F6P 1P3
him309@tp2.com,qBveQiFB,Rodrigue,Rosalie,client,904,Aubry,L'Île-Cadieux,QC,CA,U0K 3O8
catch404@tp2.com,vL34KOg7,Turgeon,Mickael,client,193,Edgar,Lorraine,QC,CA,A5V 8J6
ok758@tp2.com,sBJqRFkg,Forcier,Anastasia,client,913,Alain,Fossambault-sur-le-Lac,QC,CA,A6U 0D8
election359@tp2.com,0kuqtf0r,Métivier,Hannah,client,174,Lotbinière,Saint-Basile,QC,CA,F2E 9H1
reveal752@tp2.com,Ux3WzKXl,Cyr,Kate,client,502,Montcalm,La Malbaie,QC,CA,V0I 3C6
break615@tp2.com,P7rPD1iD,Gélinas,Iyed,client,824,Montgomery,Sainte-Thérèse,QC,CA,E3K 7T3
finger887@tp2.com,FGLeZane,Laprise,Laurence,client,803,Joseph-Vincent,Roberval,QC,CA,H7K 2T0
always648@tp2.com,hmKBWJaU,Couillard,Louis-thomas,admin,871,Mésanges,Mont-Laurier,QC,CA,A5W 9Z1
democratic672@tp2.com,gYPXSt6Q,Nicolas,Cedric,client,113,Dominion,Val-d'Or,QC,CA,U9G 0K6
my443@tp2.com,mdYINfqE,Duhaime,Mael,client,198,Juliette-Béliveau,Lebel-sur-Quévillon,QC,CA,B7U 8O2
soldier116@tp2.com,s5dRZ38N,Tellier,Aria,client,847,Cherbourg,Mont-Saint-Hilaire,QC,CA,U6F 4N7
body354@tp2.com,mZXkqOk9,Leduc,Jerome,client,173,Tyne,Saint-Antonin,QC,CA,V8M 4C5
suggest743@tp2.com,hwZYTqx6,Campbell,Jeremiah,client,714,Mauriat,Malartic,QC,CA,V7J 3W2
leave7@tp2.com,AkMog5PN,Mercier,Marco,client,447,Pine,Saint-Joseph-de-Sorel,QC,CA,P1D 3Q2
bank335@tp2.com,LirQNW6x,Lemaire,Nova,client,869,Roosevelt,Saint-Hyacinthe,QC,CA,E3O 2G4
turn10@tp2.com,jCINUWcH,Perrier,Laurence,client,199,Hamamélis,Repentigny,QC,CA,P3H 2H0
just277@tp2.com,LO3jT8oS,Gignac,Max,client,743,Chanteclerc,New Richmond,QC,CA,T3B 7A5
admit276@tp2.com,f5GVM7zT,Duchesneau,Ollie,client,434,Girard,Percé,QC,CA,X3Z 8F3
though898@tp2.com,2hkyR1BY,Galarneau,Andy,client,248,Fadets,Dégelis,QC,CA,P7K 2T8
son859@tp2.com,iqkvfD9S,Barbeau,Sophia,client,595,Acadie,Dolbeau-Mistassini,QC,CA,T7Z 4E1
family687@tp2.com,6RB0afza,Massé,Harry,admin,967,Caisse,Pont-Rouge,QC,CA,Q5H 1F5
the103@tp2.com,gwfnMZau,Nault,Azelie,client,278,Fernand-Flipot,Sainte-Adèle,QC,CA,Z4J 1N3
ability550@tp2.com,mD9rnCfa,Jourdain,Ilyas,client,36,Vimy,Chapais,QC,CA,Z4D 1Z3
light94@tp2.com,ferCYgX5,Chassé,Mylan,client,23,Auvergne,Saint-Lin–Laurentides,QC,CA,C1Z 7G9
huge347@tp2.com,Wqxn13TZ,Groulx,Penelope,client,694,Colibris,Longueuil,QC,CA,D0E 6M5
lead81@tp2.com,6OPPdXJc,René,Adele,client,962,Nehru,Saint-Augustin-de-Desmaures,QC,CA,D1N 1J7
year736@tp2.com,wKO8ZyR4,Munger,Carter,admin,766,Elizabeth,Forestville,QC,CA,M1E 6L7
away574@tp2.com,pf8XKiI3,Éthier,Samuelle,client,975,Avalon,Dunham,QC,CA,B5Y 1N3
try985@tp2.com,Ql4n335N,Gendreau,Serena,client,162,De Lauzon,Montréal-Ouest,QC,CA,J9Y 6I3
address734@tp2.com,ntQSORl8,Cohen,Celia,client,800,Saint-Jacques,Lac-Mégantic,QC,CA,U2E 1P2
citizen265@tp2.com,SQ6jFo6U,Lavoie,Niko,client,530,Guy-Frégault,Charlemagne,QC,CA,D9Y 7J8
significant620@tp2.com,ferCYgX5,Kelly,Noralie,client,557,Maisonneuve,Coteau-du-Lac,QC,CA,F1W 4M3
the504@tp2.com,LirQNW6x,Grimard,Alina,client,499,Nantes,Lebel-sur-Quévillon,QC,CA,P5E 7L5
into151@tp2.com,8crOtcHl,Leduc,Jaxson,client,555,Lionel-Groulx,Sainte-Catherine,QC,CA,J6L 4A5
industry690@tp2.com,3yxsjwdF,Robillard,Daven,client,869,Bahamas,Sainte-Anne-de-Beaupré,QC,CA,T5T 8D5
million286@tp2.com,q0AtMp0P,Lacombe,Rosie,client,167,Jean-Baptiste-Charron,L'Île-Dorval,QC,CA,J3L 7F4
study381@tp2.com,rRdwvBNy,Langlois,Ludovick,client,889,Jean-Béliveau,Thetford Mines,QC,CA,P3E 3H1
stock830@tp2.com,HVm94Wex,Dunn,Lucien,client,631,Chateaufort,Donnacona,QC,CA,A0Q 1K2
those546@tp2.com,2YiXg16J,Dufort,Hassan,admin,646,Jean-Bruchési,Québec,QC,CA,V9B 2V5
story464@tp2.com,kBBGrm6U,Lévy,Sophia,client,391,Biche,Saint-Ours,QC,CA,Y9E 7I9
claim369@tp2.com,qBveQiFB,Côté,Faigy,client,376,Logan,Saint-Césaire,QC,CA,E7F 9A7
budget188@tp2.com,fTZq3mjA,Choquette,Elsa,client,41,Jean-Bochart,Gracefield,QC,CA,B3W 0F4
say250@tp2.com,JC39ruId,Bisaillon,Oceane,client,369,Bourgeoys,Beauharnois,QC,CA,Y2G 1O1
dinner137@tp2.com,7Hhwp44u,Bouffard,Leila,client,211,Berne,Saint-Césaire,QC,CA,Y7V 7W4
like458@tp2.com,tNzr5kdJ,Morais,Isabelle,client,74,Angers,Saint-Gabriel,QC,CA,V0E 5S4
line752@tp2.com,GBT2s1SX,Blanchette,Victor,client,677,Marie-Briau,Belœil,QC,CA,P7Y 1N9
disease281@tp2.com,7Ae3xx1i,Vachon,Liv,client,509,Notre-Dame-de-Grâces,Warwick,QC,CA,H0E 7R2
view416@tp2.com,dDyvsRpi,Fortin,Kate,client,12,Bibaud,Saint-Marc-des-Carrières,QC,CA,N6Z 7Y2
believe589@tp2.com,BHUia1Oz,Larocque,Luke,client,344,Saint-François,Saint-Rémi,QC,CA,Z1H 9G8
course893@tp2.com,HjSETM9V,Diaz,Joel,client,910,Bisaillon,Lebel-sur-Quévillon,QC,CA,H6B 5J4
thousand527@tp2.com,N4ZfKbU6,Cartier,Chaim,client,670,Rhône,Montmagny,QC,CA,T4C 3J6
shake681@tp2.com,XM2rQnq7,Gratton,Simon,client,380,Jean-Baptiste-Bau,Beaconsfield,QC,CA,O8G 4I9
suffer615@tp2.com,TRvG8nf3,Bois,Mackenzie,client,357,Paradis,Sainte-Anne-des-Monts,QC,CA,R2B 2Z1
common834@tp2.com,gXBCnBUF,Kelly,Emy-rose,client,735,Tourville,Saint-Lin–Laurentides,QC,CA,W1G 6O2
per446@tp2.com,79TO179d,Millette,Melodie,client,461,Briggs,Pincourt,QC,CA,S6U 2G4
operation234@tp2.com,60wVwqu7,Legault,Maddie,client,572,Vallerand,Sutton,QC,CA,B4P 1D3
training823@tp2.com,BBzrPRua,Vaillancourt,Gemma,client,294,Pépin,Bois-des-Filion,QC,CA,Z2X 2N3
economic936@tp2.com,hmYYxFpa,Vanier,Billy,client,71,Ottawa,Coteau-du-Lac,QC,CA,A2T 6P4
deep255@tp2.com,UlXHb9hR,Li,John,admin,314,Gray,Baie-D'Urfé,QC,CA,L3N 6G2
treatment453@tp2.com,kDs5HhFo,Blouin,Elsa,admin,653,Boileau,L'Île-Cadieux,QC,CA,B3C 2V7
task494@tp2.com,q3SC5jwz,Paquette,Jayden,client,832,Rideau,Schefferville,QC,CA,G0B 3N6
significant620@tp2.com,ONQRV2rr,Joseph,Shawn,client,370,Jacques-Racicot,Mont-Tremblant,QC,CA,T0L 3A1
process125@tp2.com,4kPJbmhS,Ruel,Idris,client,305,Beauvais,Kirkland,QC,CA,O9G 7W6
away518@tp2.com,J1wgpadF,Pinette,Ludovick,client,600,Anjou,Rosemère,QC,CA,E5F 9X1
industry690@tp2.com,qciv6uQk,Vermette,Chloe,client,132,Bisaillon,Sherbrooke,QC,CA,F0E 4M5
possible919@tp2.com,BHUia1Oz,Sauvageau,Angelina,client,452,Maroc,Malartic,QC,CA,F1E 2G8
factor503@tp2.com,mv281prU,Cauchon,Sadie,client,419,Baillargeon,Cookshire-Eaton,QC,CA,U6K 7I6
may732@tp2.com,LO3jT8oS,Fortin,Jonah,client,83,Bachand,Normandin,QC,CA,J6C 3E5
almost352@tp2.com,plqR66Uq,Gendron,Livia,client,593,Port-Royal,La Tuque,QC,CA,L6L 1U4
during984@tp2.com,QViRUc8o,Choinière,Phoebe,client,365,Rémy,Ville-Marie,QC,CA,X6C 9I6
image913@tp2.com,qCZgG20t,Gonthier,Nayla,client,293,Edmond-Hardy,Montréal-Est,QC,CA,G3O 8E7
degree643@tp2.com,rwgmNqNu,Dufresne,Haylee,client,735,Routhier,Murdochville,QC,CA,S8Y 2X4
people721@tp2.com,PJZCnRzY,Bois,Eliot,client,250,Boivin,Sainte-Marguerite-du-Lac-Masson,QC,CA,O9B 9L6
address919@tp2.com,QBiubCp2,Dupras,Koralie,client,406,Quintin,Senneterre,QC,CA,A9E 2W0
behavior329@tp2.com,DUb0r5Rv,Bellerose,Magalie,client,865,Ferland,Mirabel,QC,CA,B4C 8P8
the103@tp2.com,YN3RO832,Dumas,Anthony,client,422,Quevillon,Senneterre,QC,CA,Y4I 9J1
between715@tp2.com,tKfovsO5,Vigneault,Louka,client,15,Thomas-Chapais,Mercier,QC,CA,Z7Q 3Z2
resource154@tp2.com,60wVwqu7,Hébert,Jessie,client,962,Lancaster,Notre-Dame-des-Prairies,QC,CA,D3Y 6N5
rather178@tp2.com,k6BiHMLe,Méthot,Emmanuelle,client,691,Saint-Georges,Saint-Pamphile,QC,CA,J7E 9J0
only877@tp2.com,gh11TbB9,Laplante,Milo,client,197,Sommet-Trinité,Daveluyville,QC,CA,H1Q 0P4
itself50@tp2.com,XHQcdQUG,Carle,Violet,client,1012,Vikings,Shawinigan,QC,CA,B1M 3V9
sort641@tp2.com,kaqUxkDP,Levac,Kelly,client,263,Bourassa,L'Île-Dorval,QC,CA,G3B 5N2
foreign296@tp2.com,K3jaxwYU,Lagacé,Emilie,client,296,Laure-Gaudreault,Brownsburg-Chatham,QC,CA,N5M 2I2
disease281@tp2.com,TvQfbN6V,Laberge,Jimmy,client,48,Montpellier,Coaticook,QC,CA,O4L 2X4
must522@tp2.com,UGRVRLh4,Jourdain,Evelyne,client,641,Jodoin,Fermont,QC,CA,F6D 3C1
look472@tp2.com,nfz0tCSv,Thivierge,Hazel,client,60,Lilas,Cowansville,QC,CA,H0A 8L8
employee881@tp2.com,B5UFwiUn,Sabourin,Imrane,client,97,Allard,Deux-Montagnes,QC,CA,O2G 2K4
happen242@tp2.com,byX78SXs,Phaneuf,Zakary,client,505,Sagard,Thetford Mines,QC,CA,N0W 0Y3
pressure193@tp2.com,ewVJ0khD,Thompson,Ely,client,698,Escale,L'Île-Perrot,QC,CA,I4N 7Z2
pressure626@tp2.com,k6hZgnqG,Jodoin,Mackenzie,client,730,De La Jemmerais,Coaticook,QC,CA,K9B 3A0
gun606@tp2.com,PUnS83Lq,Martineau,Arlo,client,558,Saint-Maurice,Chandler,QC,CA,D1B 0V7
although818@tp2.com,yenggDyZ,Maurice,Ryan,client,185,Saint-Sacrement,Saint-Gabriel,QC,CA,L0A 5E0
yet204@tp2.com,K3jaxwYU,Dubuc,Youcef,client,927,De Balboa,Québec,QC,CA,R0G 5O9
physical512@tp2.com,PZMGvDYF,Morneau,Emmy,client,116,Plourde,Château-Richer,QC,CA,T9P 0I7
street853@tp2.com,QCS1hHTF,Gagnon,Lana,client,370,Leningrad,Léry,QC,CA,F4W 7G6
serve922@tp2.com,v1yIa3gG,Louis,Abygael,client,162,Bertin,Chambly,QC,CA,J8Q 3D6
democratic672@tp2.com,IluSWmPo,Meunier,Ryan,client,804,Tourville,Grande-Rivière,QC,CA,G4O 2H6
final421@tp2.com,Je2w0Nyp,Davis,Aida,client,837,Booker,La Tuque,QC,CA,H7L 4K8
guess852@tp2.com,Ju0E6MVd,Williams,Melissa,client,822,Épinal,Lac-Delage,QC,CA,S2U 4V2
try985@tp2.com,XRFMzbJ2,Milot,Madeline,admin,455,Vimont,Lac-Sergent,QC,CA,U6B 2R6
majority821@tp2.com,6OPPdXJc,Dubois,Abbie,client,53,Auguste-Descarries,Fossambault-sur-le-Lac,QC,CA,Y4I 6R5
future90@tp2.com,rRdwvBNy,Bourgeois,Naomi,client,412,Stratton,Bois-des-Filion,QC,CA,D0A 0M6
head489@tp2.com,jSEAs5vR,Beauchemin,Alyson,client,478,Orléans,Beaconsfield,QC,CA,U9H 9U1
put78@tp2.com,WswcWern,Jolicoeur,Camilo,client,805,Chandoyseau,Saint-Antonin,QC,CA,G6H 6K4
minute86@tp2.com,jDmmP9AA,Migneault,Aurora,client,624,Leduc,Bromont,QC,CA,Z0C 3J8
purpose29@tp2.com,RpkCWcFo,Vanier,Felixe,client,568,Masson,Sainte-Anne-des-Monts,QC,CA,F4A 6D4
focus879@tp2.com,sTZSLFpn,Cayer,Eliam,client,215,Bétournay,Sainte-Thérèse,QC,CA,Z6X 4G4
nothing61@tp2.com,2CRRfL0R,Cousineau,Derek,client,48,Saint-Jacques,Montréal-Ouest,QC,CA,R4E 1K4
quality898@tp2.com,M9WOx8wv,Sauvageau,Ophelie,client,424,Cusson,Vaudreuil-Dorion,QC,CA,H7X 4E2
doctor65@tp2.com,XM2rQnq7,St-Arnaud,Lilia,client,355,Catherine-Des Granches,Saint-Tite,QC,CA,G1B 4W0
him309@tp2.com,GBT2s1SX,Dumais,Aya,client,497,R-100,Cookshire-Eaton,QC,CA,A4B 2A4
surface725@tp2.com,cXwGkLi3,Laliberté,Edouard,client,239,Nicolas-Hogleman,Warwick,QC,CA,E4G 8M4
like458@tp2.com,RaA2Q8Z3,Pomerleau,Abby,client,633,Argenteuil,Murdochville,QC,CA,M0A 8H2
when156@tp2.com,LDG1xhgA,Legros,Gustave,client,831,Auclair,Sainte-Anne-des-Monts,QC,CA,Z4C 9N4
common834@tp2.com,IzbGGcsb,Pharand,Zachary,client,154,Quatre-Saisons,Schefferville,QC,CA,G2Z 9M2
skin422@tp2.com,ZK3GITaD,Tremblay,Morgane,client,657,Limousin,Amqui,QC,CA,K4E 4Q6
love723@tp2.com,fj5vP9xI,Bougie,Liana,client,844,Redmond,Saint-Honoré,QC,CA,G4L 2Y9
that349@tp2.com,WqLH6QMP,Paquin,Ayoub,client,2,Falaise,Fermont,QC,CA,I9O 6H1
next19@tp2.com,jCyXzlQ7,Lamoureux,Ines,client,303,Hélène-Boullé,Lévis,QC,CA,Z9H 3I4
decide154@tp2.com,lfhOEboL,Laviolette,Henri,client,823,Tardif,Mercier,QC,CA,I4H 4C5
lay431@tp2.com,y5Ku6Z6f,Brosseau,Freya,client,858,Villeneuve,Lac-Mégantic,QC,CA,M4C 4R9
face979@tp2.com,SFckqCzY,Bellemare,Louanne,admin,949,Verlaine,Varennes,QC,CA,S5A 2K5
the103@tp2.com,LirQNW6x,Rémillard,Jawad,client,323,Labadie,Percé,QC,CA,Q3E 5N6
design923@tp2.com,JMX04Zlr,Gervais,Mahdi,client,529,Bourgogne,Sainte-Julie,QC,CA,D4C 8U2
good584@tp2.com,X7UJfCIY,Clarke,Leila,client,742,Briggs,Saint-Sauveur,QC,CA,E0V 1J8
speech320@tp2.com,PjGHhvds,Deslauriers,Maia,client,358,Argenteuil,Sainte-Anne-des-Monts,QC,CA,X6X 4E3
address919@tp2.com,9rEy3MpX,Morneau,Kylian,client,77,Huet,Beaupré,QC,CA,W6L 1R9
arm252@tp2.com,ghD48QSh,Lacasse,Guillaume,client,648,Oasis,L'Île-Dorval,QC,CA,D4K 4U9
ground771@tp2.com,fC9YQpr2,Faubert,Hannah,client,150,Berger,Pont-Rouge,QC,CA,D9L 4F6
those546@tp2.com,35y9CHXq,Blouin,Thiago,client,359,Donat,Deux-Montagnes,QC,CA,X9N 4W9
want402@tp2.com,u1vAKvGV,Khan,Daniel,client,7,Beauséjour,Sainte-Agathe-des-Monts,QC,CA,I4R 7M0
per446@tp2.com,jCINUWcH,Bourdeau,Tommy,client,746,Biarritz,Baie-D'Urfé,QC,CA,Y8S 8E6
body354@tp2.com,Nltx1Aio,Hamelin,Melia,client,364,David,Montmagny,QC,CA,Y4Z 5E0
table934@tp2.com,v1ib11iw,Charbonneau,Rachel,client,788,Lyne,Brossard,QC,CA,Q9Y 7X5
probably544@tp2.com,ZRwdX42g,Lecompte,Julien,client,1022,Beauvais,Beaupré,QC,CA,J8D 3O6
no621@tp2.com,4X91XNb8,Beauchesne,Ollie,client,371,Châtelet,Saint-Jérôme,QC,CA,O8V 2S8
mind902@tp2.com,T2RCcLTq,Gareau,Kaiden,client,645,Bordelais,Salaberry-de-Valleyfield,QC,CA,N0K 0C2
somebody442@tp2.com,h14b7waP,Bouthillier,Morgan,client,73,Perce-Neige,Trois-Pistoles,QC,CA,J6U 3Z9
term216@tp2.com,oSSrYspA,Cardin,Marie,client,983,Sancerre,Rimouski,QC,CA,R6F 1G5
others893@tp2.com,Cu2WuIlT,Cardinal,Alicia,admin,941,Alexandra,Saint-Eustache,QC,CA,P7Z 7A6
guess852@tp2.com,p0Izwj7A,Legault,Naomi,client,455,De Jumonville,Stanstead,QC,CA,N2F 7M5
business49@tp2.com,6lWvlIwq,Lambert,Morgane,client,780,Marchand,Sept-Îles,QC,CA,I4Z 3I7
all642@tp2.com,6IQOGWs8,St-Cyr,Lorie,client,538,Courcelle,Varennes,QC,CA,X6N 4Z0
partner152@tp2.com,9AudDKwO,St-Pierre,Tiffany,client,860,Outaouais,Desbiens,QC,CA,D7N 0W6
huge992@tp2.com,6GFE2ZTV,Laferrière,Gisele,client,774,Park,Montréal-Ouest,QC,CA,V7S 5L2
model913@tp2.com,Zi1DN86L,Labrecque,Megane,client,793,Ramezay,Deux-Montagnes,QC,CA,K7S 1I3
lead81@tp2.com,ntQSORl8,St-Cyr,Jackson,client,117,Le Breton,Beauceville,QC,CA,W7J 2W1
hang549@tp2.com,nfz0tCSv,Couture,Elina,client,602,Duluth,Sutton,QC,CA,E8F 0Z2
matter624@tp2.com,0dq6xguJ,Thivierge,Marguerite,client,795,Nicolet,Québec,QC,CA,N4V 9D4
no621@tp2.com,IzpjrXH2,Bond,Ghali,client,553,Marquette,Châteauguay,QC,CA,Q3A 4V7
morning876@tp2.com,HFk5yvCc,Lajoie,Hassan,client,623,La Rochelle,Saint-Honoré,QC,CA,J0E 9Z1
sign856@tp2.com,r6AZVlBQ,Flamand,Frederick,client,350,Bourassa,Témiscaming,QC,CA,F7O 9U8
sea330@tp2.com,QBiubCp2,Morin,Aude,client,90,Népal,Shawinigan,QC,CA,N2K 2N8
late662@tp2.com,w6aC2d4a,Arcand,Bea,admin,51,Pine,Lac-Brome,QC,CA,M2H 8O3
room253@tp2.com,WTtzWKvd,Bernard,Mikael,client,334,De Grosbois,Sainte-Agathe-des-Monts,QC,CA,K8Z 2Y0
specific744@tp2.com,ZU1wIWo2,Thibodeau,Elliot,client,1024,Dufresne,Bois-des-Filion,QC,CA,Y7Z 7Z4
artist431@tp2.com,rwgmNqNu,Dostie,Alexander,client,699,Berthier,Kirkland,QC,CA,G0S 9H7
type399@tp2.com,iml1Iw2u,Poirier,Dina,client,31,De La Jemmerais,Richelieu,QC,CA,M6B 6H1
animal845@tp2.com,gSSyfrkO,Girard,Pierre,client,60,Bavière,Baie-Comeau,QC,CA,V3X 3P7
meeting81@tp2.com,gpB67q57,Lespérance,Kate,client,325,Adam,La Pocatière,QC,CA,J0P 8T8
nature947@tp2.com,qq0Hic1Q,Brouillette,Brianna,client,385,Lise-Charbonneau,Sainte-Anne-des-Monts,QC,CA,I4E 3C5
garden931@tp2.com,FJgKURcj,Faucher,Colton,client,327,Vianney,L'Ancienne-Lorette,QC,CA,F6J 3V5
finger405@tp2.com,0TGvEhoD,Bédard,Bryson,client,445,John,Léry,QC,CA,M6Q 1H4
him531@tp2.com,h33TYs0Y,Kirouac,Arya,client,254,Normandie,Macamic,QC,CA,Y2M 0P2
million785@tp2.com,M9jQJ0FY,Fortier,Sabrina,client,726,Roosevelt,Hudson,QC,CA,T6Z 9A8
bar497@tp2.com,9rEy3MpX,Desautels,Maika,client,667,Loire,Saint-Augustin-de-Desmaures,QC,CA,L8E 7Q5
among769@tp2.com,oDU7V9Sx,Denis,Matt,client,441,Biarritz,Forestville,QC,CA,J8J 4W9
two741@tp2.com,y6ftYTjT,Dionne,Matteo,client,157,Lareau,Princeville,QC,CA,P6P 4T1
sing282@tp2.com,WdIE30JP,Lambert,Elie,client,544,John-Molson,Bedford,QC,CA,S9A 1V6
physical512@tp2.com,XyILFBRV,Dumas,Ethan,client,380,De Varennes,Gatineau,QC,CA,U7G 4I6
bill806@tp2.com,fj5vP9xI,Lemoine,Ibrahima,client,418,Hôtel-de-Ville,Trois-Rivières,QC,CA,H0M 1W2
majority396@tp2.com,OdtmVMUX,Boudreau,Naelle,admin,134,Jean-Béliveau,Coaticook,QC,CA,X1R 5E8
model913@tp2.com,UGRVRLh4,Goyette,Marc,client,322,Closse,Joliette,QC,CA,I3W 3G0
light19@tp2.com,35y9CHXq,Hébert,Lilia,client,372,Éclaircies,Grande-Rivière,QC,CA,M4O 1U3
mind231@tp2.com,ODowLcCj,Guindon,Alexander,client,1010,Bourgogne,Dolbeau-Mistassini,QC,CA,I6D 9D0
meet775@tp2.com,mWtEGJZC,Savage,Leonardo,client,668,Acacias,Beauceville,QC,CA,N5V 1A1
popular272@tp2.com,ZK3GITaD,Joly,Aria,client,335,Isle-de-France,Neuville,QC,CA,N5L 8Q1
play709@tp2.com,1XAOcGu9,Joly,Leyla,client,299,Corbon,Métis-sur-Mer,QC,CA,L4G 7Q4
minute30@tp2.com,SFckqCzY,Boulet,Ibrahima,client,938,Sagard,Huntingdon,QC,CA,C7I 4Q2
huge347@tp2.com,0Y7ieHoK,Collin,Camilo,client,623,Portneuf,Saint-Pamphile,QC,CA,J3L 6S4
if616@tp2.com,T72dbK9f,Pinette,Teo,client,996,Viau,Otterburn Park,QC,CA,P3X 2X0
it74@tp2.com,ZTKNLOYQ,Beaulieu,Leonidas,admin,2,De Bougainville,Causapscal,QC,CA,W2T 0F0
try328@tp2.com,xkyGp6q1,Jones,Ilyan,client,268,Brébeuf,Lavaltrie,QC,CA,F9R 4N2
finish354@tp2.com,BBzrPRua,Roux,Lyvia,client,498,Leslie,Château-Richer,QC,CA,G2I 5K7
glass718@tp2.com,qp1VpeHo,Pagé,Danae,client,177,Thérèse-Casgrain,Sutton,QC,CA,Q8L 2P4
instead479@tp2.com,fTZq3mjA,Tassé,Clemence,client,812,De Noyon,Causapscal,QC,CA,S2O 3K2
glass718@tp2.com,JMX04Zlr,Miller,Mateo,client,422,Oakwood,Montmagny,QC,CA,F9U 2E3
piece467@tp2.com,Pwzlcex7,Guénette,Lyna,client,263,Bisaillon,Saint-Raymond,QC,CA,K3G 8T7
dinner36@tp2.com,TREKjVt2,Favreau,Julianne,client,10,De La Perrière,Acton Vale,QC,CA,S4C 7N1
exactly604@tp2.com,IrrVAMSZ,Laurin,Jaylen,client,283,De Lévis,Forestville,QC,CA,W8B 1L6
line211@tp2.com,WWW5JING,Poitras,Arlo,client,902,François-Gravé,Beaupré,QC,CA,W6F 6L5
million286@tp2.com,YIdsXe5J,Sabourin,Lauraly,client,823,Villiers,Beauharnois,QC,CA,H8F 2L6
sign709@tp2.com,jFlEq0sL,Gauthier,Lexie,client,559,John-Molson,Lachute,QC,CA,W3R 7D8
single73@tp2.com,JgtyzvkB,Bousquet,Ana,client,730,Pâquerettes,Saint-Pie,QC,CA,F6R 6V3
ability550@tp2.com,iml1Iw2u,Ayotte,Floralie,client,750,Logan,Baie-Saint-Paul,QC,CA,S5G 7W7
behavior329@tp2.com,qq0Hic1Q,Labonté,Tiago,client,312,Cardinal,Carignan,QC,CA,J1W 9G0
scene384@tp2.com,oKULO8gg,Gratton,Elie-rose,client,149,Anyon,Notre-Dame-des-Prairies,QC,CA,A4E 2V5
national861@tp2.com,Vcr9E1el,Lachapelle,Riyad,client,602,Amherst,Kirkland,QC,CA,X1Y 7N5
somebody442@tp2.com,9rEy3MpX,Fillion,Nicolas,client,878,Jean-Bariteau,Amos,QC,CA,O3Z 0B3
great335@tp2.com,UrYu85O5,Beaumier,Gael,client,748,Sydney,Duparquet,QC,CA,S1K 8L4
level910@tp2.com,tNzr5kdJ,Vandal,Guillaume,client,191,Savoie,Drummondville,QC,CA,A7D 7Y5
accept992@tp2.com,kDs5HhFo,Guérin,Louana,client,844,Liège,Deux-Montagnes,QC,CA,I7C 4X9
fill733@tp2.com,skU38B2e,Dessureault,Evy,admin,138,Champagne,Notre-Dame-des-Prairies,QC,CA,O4T 3T3
yet204@tp2.com,0kuqtf0r,Stewart,Noah-james,client,183,Hugues-Pommier,Baie-D'Urfé,QC,CA,E6M 4T9
left511@tp2.com,eZCjIBtG,Forgues,Tom,client,707,Jean-Désy,Dolbeau-Mistassini,QC,CA,C1Z 1A2
glass718@tp2.com,WTtzWKvd,Valcourt,Anae,client,739,Jarry,Pohénégamook,QC,CA,E1F 4D5
part368@tp2.com,A53Ow02l,Jones,Yasmine,client,206,Louis-H.-Latour,Huntingdon,QC,CA,T1A 1D0
board635@tp2.com,RojUGeGg,Chouinard,Gustave,client,61,Pelletier,Granby,QC,CA,C5P 0T3
produce312@tp2.com,mENTeIBf,Huard,Jad,client,871,Sylvia-Daoust,Pincourt,QC,CA,B0U 8F1
budget554@tp2.com,TnIyWxZz,Boileau,Louis-thomas,client,399,Aline,Dunham,QC,CA,Q4V 1E7
n't541@tp2.com,ZACvZ8L0,Giasson,Julian,client,818,De Monts,Louiseville,QC,CA,O1O 4M1
ready509@tp2.com,R6Ckf8ai,Jacob,Austin,client,822,Cantin,L'Île-Dorval,QC,CA,P7T 7P0
popular272@tp2.com,B5UFwiUn,Corriveau,Edward,client,138,Beaujolais,Lachute,QC,CA,E7M 3H8
huge992@tp2.com,KNmSm3Fx,Levac,Gemma,client,179,Saint-Francis,Scotstown,QC,CA,B8L 8U2
chair720@tp2.com,Mxjm045F,Bois,Emmy,client,526,McGill,Vaudreuil-Dorion,QC,CA,X5U 9Z0
television233@tp2.com,xYYMLRJM,Li,Sacha,client,545,Toulon,Lac-Sergent,QC,CA,U8P 9Q5
business49@tp2.com,Q09Ji7XV,Poissant,Abel,admin,86,Mathieu,Sainte-Adèle,QC,CA,F2W 2G8
hour656@tp2.com,KX5qDRPW,St-Amand,Aicha,client,374,Lausanne,Sainte-Catherine,QC,CA,W2L 7M0
million286@tp2.com,VDsEVbUk,Poisson,Mark,client,422,Lumen,Saint-Pie,QC,CA,B2R 2G8
operation234@tp2.com,ku7z6Iiv,Royer,Francois,client,97,De Tonty,Waterloo,QC,CA,Z5E 6N1
task494@tp2.com,8EGO7bdr,Pierre,Rafael,client,335,Benoit,Clermont,QC,CA,P4K 7K1
foot306@tp2.com,q3SC5jwz,Lalancette,Melina,client,407,Girard,Gracefield,QC,CA,L1P 1X3
situation995@tp2.com,Cu2WuIlT,Jomphe,Fatima,client,575,Briggs,Farnham,QC,CA,U2N 0U5
say383@tp2.com,Ju0E6MVd,Dupré,Oceane,client,1009,Tourangeau,Scotstown,QC,CA,U9A 5E2
five678@tp2.com,N32Q3j7G,Dumouchel,Hazel,client,521,Oasis,Dunham,QC,CA,F4Q 9W2
course589@tp2.com,V1hcSiSs,Chalifoux,Melody,client,860,Berthon,Contrecœur,QC,CA,S4J 6Z3
hospital509@tp2.com,TiLsyW2E,Joly,Abigaelle,client,859,Bertrand,Baie-D'Urfé,QC,CA,Y4T 7P1
success852@tp2.com,BMoD9hbU,St-Hilaire,Elliot,client,656,Gadelier,Lévis,QC,CA,Y9S 8Y8
recognize492@tp2.com,jJQlekhB,Coulombe,Blake,client,773,Louis-Juchereau,Beauceville,QC,CA,O6Z 2Z8
main495@tp2.com,cXtfmjQg,Routhier,Adelie,client,268,Burton,Cap-Chat,QC,CA,O1M 0V4
wait48@tp2.com,2CuNmgXz,Lacharité,Noelie,client,532,Talleyrand,Saint-Antonin,QC,CA,Y0G 7D0
develop864@tp2.com,vbPos4g5,Éthier,Jimmy,client,360,Jean-Baptiste-Charron,Windsor,QC,CA,L2A 1K1
carry472@tp2.com,TiLsyW2E,Bélisle,Lyana,client,1000,La Mulotière,La Pocatière,QC,CA,V4S 3J1
push49@tp2.com,C61ay9SM,Valiquette,Ania,client,547,Girouard,Chapais,QC,CA,C6P 3J5
operation234@tp2.com,sRX9SGBY,Poisson,Nathan,client,65,Webster,Lachute,QC,CA,T9P 6H7
less971@tp2.com,p1Oh6Ktp,Labranche,Kyra,client,11,Allan,Saint-Charles-Borromée,QC,CA,L6C 2U1
small397@tp2.com,RAxeHAGg,Diaz,Hayden,client,911,Joseph-Babin,Mont-Royal,QC,CA,X1A 8W8
everyone300@tp2.com,evSla5LC,Singh,Noam,client,542,Eulalie-Durocher,L'Épiphanie,QC,CA,K1B 5R1
claim654@tp2.com,VTeSxbeR,Bisaillon,Elias,client,666,Nicolas-Manny,Normandin,QC,CA,G0A 5H2
action562@tp2.com,WdIE30JP,Ruel,Kendrick,client,553,Dufrost,Sainte-Agathe-des-Monts,QC,CA,G4T 4A7
institution685@tp2.com,IpTnzqFG,Giguère,Bastien,client,903,Tours,Portneuf,QC,CA,X1E 1H8
only519@tp2.com,LmqTOVwi,Lepage,Emilien,client,107,Lemire,L'Île-Perrot,QC,CA,S1O 8E5
risk474@tp2.com,NQ0YSksT,Ferland,Louanne,client,272,Bolivar,Pohénégamook,QC,CA,P6V 4G0
fund3@tp2.com,iSfYTL0r,Lemaire,Serena,client,377,Cygne,Bonaventure,QC,CA,P4J 2W2
love824@tp2.com,B2klXITZ,Sabourin,Lucas,client,947,Pensées,Lebel-sur-Quévillon,QC,CA,U1J 2T8
them209@tp2.com,EjJ4Mnxv,Théberge,Blake,client,509,Orly,Candiac,QC,CA,Y7V 7H0
what915@tp2.com,VdmTUqL3,Brosseau,Eliane,client,132,Roses,Témiscaming,QC,CA,N9G 2A6
the103@tp2.com,rdP6yOyg,Mitchell,Emilien,client,225,Nadeau,Lavaltrie,QC,CA,E9O 3B4
foreign756@tp2.com,aYempr2j,Frenette,Isabella,client,810,Navarre,Lac-Mégantic,QC,CA,H5H 8O1
center118@tp2.com,1LJ9p4vI,Lirette,Agathe,client,842,Rémy,La Tuque,QC,CA,A0L 5E8
many78@tp2.com,PipohSyt,Éthier,Alexandre,client,67,Cardinal,Shawinigan,QC,CA,U7G 5V6
majority628@tp2.com,kHWzJj14,Cadieux,Mya,admin,439,Ernest-Lavigne,Lac-Saint-Joseph,QC,CA,O7I 0K3
early696@tp2.com,jCyXzlQ7,Maltais,Evie,client,666,Beauséjour,Cap-Chat,QC,CA,Z8S 2X3
wide72@tp2.com,tUaORCAS,Hudon,Zackary,client,691,Sabrevois,Malartic,QC,CA,B9F 8N6
success42@tp2.com,WdIE30JP,Bastien,Simon,client,573,Ernest-Lavigne,Lac-Saint-Joseph,QC,CA,U7U 1W3
street331@tp2.com,tVZLJ0tv,Normandin,Andy,admin,694,Lakeview,Desbiens,QC,CA,G6Q 1V4
reason931@tp2.com,wlgZoP4k,Desmeules,Imrane,client,227,Tours,Repentigny,QC,CA,K9N 6Y2
industry690@tp2.com,p03PFWEy,Robert,Alie,client,685,Nicolas-Perrot,Saint-Antonin,QC,CA,M1Z 2C7
play98@tp2.com,vgS4XcXg,Nantel,Jameson,client,621,Marguerite-Bertaud,Mercier,QC,CA,C9I 5P3
blue771@tp2.com,JZ1GpI5v,Coutu,Adelina,client,715,Racine,Saint-Lazare,QC,CA,I4P 1B2
into634@tp2.com,ferCYgX5,Brisson,Allison,client,626,Briggs,Chambly,QC,CA,N9O 0V8
human55@tp2.com,NdtK9hqX,Crevier,Olivia,client,754,Staveley,Neuville,QC,CA,Y7P 5Z4
according953@tp2.com,rv1tGpEF,Champagne,Youcef,client,784,Gélineau,Saint-Marc-des-Carrières,QC,CA,E7Q 5V5
democratic672@tp2.com,gwfnMZau,Gallant,Emeraude,client,948,Banff,Port-Cartier,QC,CA,O0M 7H4
sea402@tp2.com,zpxRJ9GS,Boudreau,Hamza,admin,808,Boisbriand,Carleton-sur-Mer,QC,CA,H8M 3P9
like458@tp2.com,8EGO7bdr,Olivier,Khloe,client,308,Rossini,La Pocatière,QC,CA,T3A 2R8
response340@tp2.com,6b9IwzUx,Laporte,Maia,client,306,Proulx,Lac-Delage,QC,CA,B7D 3O0
prepare93@tp2.com,h63VN9fw,Dumouchel,Zakary,client,308,Champagne,Gatineau,QC,CA,R8F 4Y5
meet775@tp2.com,VkmgAL9x,Tourigny,Jonah,client,44,Toulon,Dunham,QC,CA,G6W 0E1
bill806@tp2.com,plqR66Uq,Malo,Elizabeth,client,501,Rémillard,Dolbeau-Mistassini,QC,CA,B3I 6K9
change831@tp2.com,Epd5GJFO,Boisjoli,Ahmed,client,104,Rigaud,Saint-Colomban,QC,CA,D3L 0V2
current674@tp2.com,u7vgGqTr,Jomphe,Kiara,client,335,Saint-Charles,Windsor,QC,CA,T8J 2C7
reveal64@tp2.com,lCkduH4Z,Caissy,Tyler,client,1019,Gendron,Salaberry-de-Valleyfield,QC,CA,A5Z 8S2
almost352@tp2.com,uZShpsAd,Savoie,Charles-emile,client,762,Anémone,Sainte-Anne-des-Plaines,QC,CA,F8B 1V0
town59@tp2.com,xUzM0N8G,Nguyen,Micah,client,190,Murville,Saint-Tite,QC,CA,D9M 3T5
teacher13@tp2.com,ZTKNLOYQ,Desbiens,Axel,client,34,Bienville,Desbiens,QC,CA,Q4L 1E9
under767@tp2.com,gwfnMZau,Beaudet,Christian,client,925,Merisiers,Saint-Lin–Laurentides,QC,CA,O6J 1D9
suffer615@tp2.com,nQIbwUJa,Goudreau,Francis,client,363,Massenet,Sainte-Anne-de-Beaupré,QC,CA,P5T 3E5
recently593@tp2.com,JmDj3XZO,Campeau,Patrick,client,198,Blackwood,Laval,QC,CA,L4R 7X1
everything782@tp2.com,NQlmojI1,Desormeaux,Alec,client,951,Lennon,Amos,QC,CA,O5G 1W7
speech320@tp2.com,q8OUkIzf,Denis,Ilyes,client,642,Hélène-Boullé,Alma,QC,CA,E6M 6K5
floor610@tp2.com,7h2ek4wn,Vachon,Dante,client,152,Bellerive,Beaconsfield,QC,CA,E5M 8R0
instead479@tp2.com,uNYHJt5O,Lajeunesse,Louanne,client,981,Saint-Laurent,East Angus,QC,CA,W9K 4W1
give699@tp2.com,MaN6Atoe,Clarke,Amina,client,383,Pellerin,Lachute,QC,CA,Y9C 6B8
economic936@tp2.com,TRvG8nf3,Bellemare,Ema,client,469,Kirby,Berthierville,QC,CA,N0I 2Y4
national861@tp2.com,106FD5x9,Lapierre,Sofia,client,545,Ulric-Dubois,Hampstead,QC,CA,R4P 7Y2
key903@tp2.com,G6vG74At,Stewart,Laurianne,client,691,River,Kirkland,QC,CA,T5Z 5E4
marriage749@tp2.com,Zi1DN86L,Richard,Aurora,client,134,Ludger-Marchand,La Pocatière,QC,CA,V4B 2K2
end27@tp2.com,rv1tGpEF,Louis,Tomas,client,839,Duhamel,Saint-Charles-Borromée,QC,CA,W9J 4O8
response340@tp2.com,YN3RO832,Lam,Briana,client,893,Massena,L'Île-Dorval,QC,CA,H2E 2M0
our399@tp2.com,eZCjIBtG,Racicot,Nathan,client,500,Haut-Bois,Westmount,QC,CA,H6U 2X6
garden931@tp2.com,BHUia1Oz,Mercier,Blake,client,857,Wolfe,Belleterre,QC,CA,M3I 8N1
better503@tp2.com,2hkyR1BY,Bessette,Marion,client,31,Archambault,Nicolet,QC,CA,K4V 6B6
no621@tp2.com,M0u2JmcT,Nicol,Marcus,client,734,Autheuil,Mont-Saint-Hilaire,QC,CA,O2O 7E2
design237@tp2.com,mENTeIBf,Desautels,Leanne,admin,477,Massena,Dollard-Des Ormeaux,QC,CA,K3R 7E3
treatment453@tp2.com,iUTWS4Wu,Lehoux,Savannah,client,695,Ludger-Marchand,Danville,QC,CA,E3S 4U8
who637@tp2.com,AkMog5PN,Prévost,Sophia,client,870,Émeraudes,Duparquet,QC,CA,J7N 7C2
where547@tp2.com,wBnV3y1M,Desbiens,Lea,admin,861,Empire,Saint-Basile-le-Grand,QC,CA,V6M 8J5
condition409@tp2.com,3tBkWxXD,Paquette,Ilyes,client,145,Patricia,Prévost,QC,CA,M7K 3L1
whose818@tp2.com,P73invro,Sylvestre,Timothee,client,533,Baffin,Sherbrooke,QC,CA,O8X 5L5
meet499@tp2.com,E4AeQlAf,Germain,Lila,client,602,Ovide,Saint-Eustache,QC,CA,W5S 1R7
just554@tp2.com,mv281prU,Garneau,Isaiah,client,141,Mésanges,Huntingdon,QC,CA,I0W 2C8
animal845@tp2.com,EyYixRTe,Arbour,Lola,client,969,Boisseau,Chapais,QC,CA,R0O 6Z9
worker18@tp2.com,hVM2zkpP,Larouche,Aurelia,client,923,Nielsen,Léry,QC,CA,J8E 3G8
bill765@tp2.com,Y3DIK2DK,Desrochers,Mickael,client,900,Hooper,Boucherville,QC,CA,W7H 9G8
my443@tp2.com,8EGO7bdr,Mallette,Evan,client,755,Mufliers,Belœil,QC,CA,J5V 3N1
key903@tp2.com,q0AtMp0P,Julien,Adelia,client,570,Canon,Saint-Charles-Borromée,QC,CA,W4R 6T9
report607@tp2.com,bCJb5aDj,Pearson,Naelle,client,134,Forant,Lac-Mégantic,QC,CA,D3L 5R2
line22@tp2.com,2CRRfL0R,Alexandre,Elyane,client,504,Adoncour,L'Île-Cadieux,QC,CA,L4A 5S6
different573@tp2.com,RaA2Q8Z3,Morin,Ada,client,823,Venne,Saint-Basile-le-Grand,QC,CA,Q2Q 6I4
experience872@tp2.com,KdNbkxlW,Bellavance,Lilya,client,221,Versailles,Saint-Tite,QC,CA,T0P 1O6
past111@tp2.com,JgtyzvkB,Hervieux,Harrison,client,315,Sainte-Catherine,Blainville,QC,CA,L8P 4O1
claim654@tp2.com,FfF5XaU6,Larocque,Lionel,client,770,Rossignols,Saint-Ours,QC,CA,P3B 7I1
degree123@tp2.com,ngZ8a8SC,Perez,Mikael,client,820,Faribault,Joliette,QC,CA,S5D 6P3
yourself890@tp2.com,Zjerha5q,Courtemanche,Eddy,client,371,Vaudreuil,Mont-Joli,QC,CA,J5M 0P5
those733@tp2.com,2fG1RnOM,Leclerc,Tiago,client,999,Tourville,Clermont,QC,CA,B1Z 7E7
ground771@tp2.com,tkMV6CLb,Arcand,Adam,client,285,Beaumouchel,Baie-D'Urfé,QC,CA,C1I 0F7
still319@tp2.com,IwsjcYzM,Tremblay,Zoelie,client,219,Bachand,Saint-Rémi,QC,CA,C3I 3R7
ability550@tp2.com,mHPJOLKg,Séguin,Ania,client,645,Mont-Royal,Saint-Basile,QC,CA,N4Q 0C8
six824@tp2.com,xEEDDMRa,Gascon,Annabelle,client,633,Jean-Béliveau,Saint-Joseph-de-Sorel,QC,CA,K0W 3Z7
eye632@tp2.com,7JjBhehd,Baribeau,Lorenzo,client,658,Milot,Sept-Îles,QC,CA,L8X 1J6
gas683@tp2.com,GkNxcwhm,Beaumier,Aylan,client,1018,Marsolais,Gatineau,QC,CA,C8E 9H6
long678@tp2.com,tMoLOm2c,Juneau,Aly,client,536,Goupil,Roberval,QC,CA,F8S 2J2
rather146@tp2.com,D6kAViah,Lalancette,Abigail,client,563,Diane,Berthierville,QC,CA,O6V 1T5
forward985@tp2.com,xgUkv2rX,Leroux,Leticia,client,1008,Baillargeon,L'Île-Dorval,QC,CA,D5Q 1M0
produce131@tp2.com,q7XwqMhY,Touchette,Beatrice,client,263,Comeau,Joliette,QC,CA,P5M 0D6
now717@tp2.com,X7UJfCIY,Bacon,Lilianne,client,965,Nelligan,Thurso,QC,CA,C1K 4A2
choose800@tp2.com,29Sb1uK6,Toussaint,Malya,client,456,MacGregor,Paspébiac,QC,CA,J1M 4R3
prevent140@tp2.com,VkbEUFI2,Aubry,Justin,client,741,Barbeau,La Sarre,QC,CA,D0X 8Q4
place135@tp2.com,zeJ2kXBW,Miron,Lola,client,304,Champs,Rigaud,QC,CA,W2N 1T0
without977@tp2.com,y4ZzE5Jn,Boisclair,Mark,client,184,Nielsen,Sainte-Brigitte-de-Laval,QC,CA,H0Y 9S5
soldier116@tp2.com,m1kNlecS,Banville,Jules,client,262,Meilleur,La Malbaie,QC,CA,X9V 3L3
choose800@tp2.com,lTHFoTl0,Beauséjour,Ophelia,client,797,Maurice,Sherbrooke,QC,CA,R3J 5H5
always80@tp2.com,ZK3GITaD,Guindon,Nathaniel,client,403,Vallières,Windsor,QC,CA,I9J 4K9
garden71@tp2.com,xYYMLRJM,Singh,Kaylee,client,534,Le Normand,Sainte-Marie,QC,CA,Q0O 0M7
guess852@tp2.com,Cu2WuIlT,Laprise,Haylee,client,702,Offenbach,Sainte-Marie,QC,CA,W3I 3K6
everyone300@tp2.com,aaKPOTMO,Hudon,Simeon,client,375,Rigaud,Percé,QC,CA,L5L 2A2
always80@tp2.com,XyILFBRV,Robert,Morgane,client,859,Boisvert,Saint-Lambert,QC,CA,L4B 7U5
vote899@tp2.com,9AudDKwO,Grégoire,Liliana,client,336,Georges,Bedford,QC,CA,Y5U 1A6
sister393@tp2.com,6IQOGWs8,Canuel,Arno,client,454,Champêtre,Chandler,QC,CA,Y8T 7W5
pressure193@tp2.com,LX74jgwi,Bélanger,Lola,client,579,Oeillets,Saint-Constant,QC,CA,D1C 9W1
quality898@tp2.com,paXepayJ,Bissonnette,Ilyes,client,896,Roland,Hudson,QC,CA,V7K 0D1
anyone98@tp2.com,bY6ovseW,Wilson,Francois,client,948,Dandurand,Rivière-Rouge,QC,CA,O7X 8J0
record788@tp2.com,qUpUsVzb,Villeneuve,Melody,admin,1008,Logan,Danville,QC,CA,C4H 3C1
eye605@tp2.com,gj2M1BPg,Beauchemin,Evalie,client,657,Proulx,Hudson,QC,CA,T0J 4X7
catch404@tp2.com,jCyXzlQ7,Baril,Luka,client,815,Baillargé,Chandler,QC,CA,N8R 5A5
better854@tp2.com,Vcr9E1el,Dussault,Emilio,client,427,Mailloux,Drummondville,QC,CA,D6A 7Z0
wear939@tp2.com,ggfTOhdN,Bouchard,Jules,client,573,Cartier,Roberval,QC,CA,J9C 3W6
million785@tp2.com,aLspN5KD,Girard,Jaymi,client,499,Champagnier,Farnham,QC,CA,F1B 8S1
commercial245@tp2.com,0gyBMTwj,St-Martin,Alyce,client,155,Gagnon,Montréal-Est,QC,CA,F9N 2U6
three862@tp2.com,SrmyTAi7,Béliveau,Malak,client,819,Rivoli,Granby,QC,CA,A2A 6B1
low842@tp2.com,dElCk6Oa,Lacelle,Joseph,client,563,Dupras,Sainte-Adèle,QC,CA,J6A 0H4
majority396@tp2.com,SrmyTAi7,Lopez,Lorenzo,client,464,Platon,Saint-Rémi,QC,CA,C2N 6H2
worker990@tp2.com,plqR66Uq,Belzile,Rayan,client,506,Pilon,Magog,QC,CA,Y0S 9N2
information506@tp2.com,p03PFWEy,Surprenant,Mila,client,131,Pinard,Dunham,QC,CA,X9C 5U5
expert875@tp2.com,HjSETM9V,Duchesne,Milann,client,338,Olympia,Sainte-Anne-de-Bellevue,QC,CA,F3A 3R6
professional109@tp2.com,nO9TvlAN,Arbour,Jonah,client,541,Grant,Nicolet,QC,CA,C6B 4T0
age942@tp2.com,wTnempmH,Collard,Ayaan,client,456,Boyd,Léry,QC,CA,E8U 3T3
almost355@tp2.com,vI8VUdcD,Bélanger,Stacy,client,252,Vancouver,L'Île-Cadieux,QC,CA,N0N 7F2
commercial245@tp2.com,Je2w0Nyp,Girouard,Abel,admin,492,Jura,Percé,QC,CA,K3A 2R9
seem407@tp2.com,ODowLcCj,Couillard,Darius,client,831,Shedleur,Belleterre,QC,CA,K4E 1N5
legal448@tp2.com,lsUscsj0,Chartrand,Amalia,client,233,Caillé,Lac-Sergent,QC,CA,C7K 6U5
almost355@tp2.com,s5dRZ38N,Mongrain,Louane,client,265,Charles-Normoyle,Gaspé,QC,CA,A5O 8E9
matter764@tp2.com,JZ1GpI5v,Laberge,Naya,client,919,De Maricourt,Sorel-Tracy,QC,CA,I3S 9X8
every6@tp2.com,bCJb5aDj,Lavergne,Ryan,client,788,Roitelets,Saint-Jean-sur-Richelieu,QC,CA,O2B 4A7
seem407@tp2.com,fTZq3mjA,Longpré,Charli,client,665,Viau,Barkmere,QC,CA,Q6J 1P5
generation410@tp2.com,AO8nubGt,Lebrun,Laura,admin,832,Vancouver,Sept-Îles,QC,CA,D3O 8N1
baby608@tp2.com,s6JqSekw,Ruest,Maxence,client,110,Nicolet,Danville,QC,CA,U0L 5C9
end27@tp2.com,sEpUi6L9,Lévy,Lola,admin,215,De Magellan,Montréal-Est,QC,CA,Q8I 7R8
center118@tp2.com,Pcrg5vpe,Audet,Gregoire,client,441,Charlevoix,Kingsey Falls,QC,CA,J6C 5U6
operation234@tp2.com,JTL2vcHG,Hudon,Emma,client,105,Sénécal,Val-d'Or,QC,CA,W6R 6C2
sea330@tp2.com,P7rPD1iD,Letendre,Alexy,client,1015,Louxor,Bonaventure,QC,CA,G8Q 9O5
media543@tp2.com,BfaiQRzi,Brosseau,Eden,client,4,Lisbonne,Saint-Césaire,QC,CA,X4F 4Z3
traditional763@tp2.com,FaNT3utB,Beauséjour,Zak,client,83,Fontainebleau,Paspébiac,QC,CA,Y2Z 3G3
year736@tp2.com,lhF6wzPw,Brouillette,Esmee,client,389,Sénécal,Mercier,QC,CA,V8K 0I6
recently593@tp2.com,wlgZoP4k,Goupil,Khloe,client,67,Brahms,Marieville,QC,CA,P3R 9X5
institution97@tp2.com,4kPJbmhS,Vachon,Laurie,client,964,Cadieux,Cowansville,QC,CA,O4G 4Z7
approach224@tp2.com,Je2w0Nyp,Labranche,Eliam,client,543,De La Richardière,Rimouski,QC,CA,L5H 9X6
our573@tp2.com,WTtzWKvd,Kirouac,Niko,client,762,Véronique,Percé,QC,CA,U5X 5O7
everybody916@tp2.com,LDG1xhgA,Crépeau,Logan,client,193,Imelda-Millette,Bonaventure,QC,CA,P4G 9R2
process249@tp2.com,A1CFBpei,Nolet,Kendrick,client,886,Jérôme-Lalemant,L'Île-Dorval,QC,CA,S5V 5I4
experience872@tp2.com,6hgxl87H,Mayer,Maelie,client,827,Molière,Dunham,QC,CA,V1A 9Z9
network34@tp2.com,kqXRtY80,Busque,Bastien,client,141,Martineau,Estérel,QC,CA,K6F 5Q8
sense615@tp2.com,GBT2s1SX,Richard,Yahya,client,669,Pascal,Beaupré,QC,CA,K4F 3K7
into151@tp2.com,JZ1GpI5v,Bergevin,Nolan,client,56,Savoie,Métabetchouan–Lac-à-la-Croix,QC,CA,C7R 4J1
marriage749@tp2.com,gj2M1BPg,Dussault,Everly,client,182,Saint-Thomas,Châteauguay,QC,CA,O5U 1E3
experience658@tp2.com,AIewMcGv,Chen,Louis-philippe,client,314,Beaumont,Carignan,QC,CA,D8J 2E5
somebody442@tp2.com,y4ZzE5Jn,Chan,Zoelie,client,483,Barthélémy,Sainte-Julie,QC,CA,Q4D 1Z7
seat347@tp2.com,WQYECrgl,Goyer,Mayden,client,90,Bellevue,Terrebonne,QC,CA,Y9Q 6W1
speech320@tp2.com,h4elumTM,Benoît,Diego,client,243,Marquise,Saint-Honoré,QC,CA,X9B 1Y8
just277@tp2.com,Wqxn13TZ,Lachapelle,Niko,client,519,Bertrand,Mont-Saint-Hilaire,QC,CA,R9Y 7C2
break615@tp2.com,IluSWmPo,Forest,Joyce,client,820,Boissy,Rivière-Rouge,QC,CA,Q8M 9W2
or553@tp2.com,7ajfNAuC,Lacoste,Yazid,client,186,Charlevoix,Mont-Joli,QC,CA,I4N 3S6
where280@tp2.com,NIEZXgmI,Damours,Livia-rose,client,77,Labonté,Montréal-Est,QC,CA,M5A 1S6
happen242@tp2.com,E3Se83RN,Sauriol,Ayla,client,564,Delage,Montmagny,QC,CA,Z4D 8K1
computer708@tp2.com,u3i1LQ15,Doiron,Ambre,client,846,Godin,Dollard-Des Ormeaux,QC,CA,U1K 5J2
season931@tp2.com,cXtfmjQg,Pothier,Kai,client,185,Morency,Stanstead,QC,CA,W0E 8J1
matter764@tp2.com,bzncC2Ke,Desmeules,Dalia,client,201,Scott,Percé,QC,CA,A0O 2M3
still319@tp2.com,4kPJbmhS,Ross,Naomi,client,291,Marie-Briau,Sainte-Anne-de-Beaupré,QC,CA,E5D 9J4
others608@tp2.com,7adH3LVN,Dupont,Siena,client,17,Bordeaux,Fossambault-sur-le-Lac,QC,CA,B7P 7F4
often782@tp2.com,GZx7gZ47,Mainville,Zakaria,client,525,Valcourt,Chandler,QC,CA,V3L 5L5
practice553@tp2.com,Ql4n335N,Cliche,Kayden,client,377,Poitou,Dégelis,QC,CA,W2L 2X0
every567@tp2.com,yLVZJVgp,St-Jean,Eliana,client,389,Lupien,Percé,QC,CA,F6X 9C9
peace335@tp2.com,wsj5pEyV,Laviolette,Michael,client,1021,Jacques-Rousseau,Saint-Basile-le-Grand,QC,CA,F6T 5Z2
spring488@tp2.com,KvXYzran,Boulanger,Benjamin,client,149,Benoit,L'Île-Cadieux,QC,CA,E2U 3H8
over209@tp2.com,dRqNwBHK,Simoneau,Isaac,admin,454,Richard,Mascouche,QC,CA,A7W 3Y6
nature947@tp2.com,TREKjVt2,Boily,Adeline,client,931,Carignan,Dunham,QC,CA,F7L 9U1
blue771@tp2.com,6IQOGWs8,Roy,Lya,client,63,Mimosas,Disraeli,QC,CA,A1S 5L6
according687@tp2.com,vgS4XcXg,Boisclair,Mika,client,783,Lausanne,Sainte-Marie,QC,CA,T6U 0R5
something404@tp2.com,sBJqRFkg,Galipeau,Lily,client,172,Jacques-Bourdon,Beaupré,QC,CA,G7J 5H8
